rs_ID	total_calls	ref_homozygous	heterozygous	alt_homozygous	ref_freq	het_freq	alt_freq	variant_freq
rs12298635	14	14	0	0	1	0	0	0
rs7730946	14	14	0	0	1	0	0	0
rs10076037	14	14	0	0	1	0	0	0
rs10051482	14	14	0	0	1	0	0	0
rs13180461	14	14	0	0	1	0	0	0
rs17100237	14	14	0	0	1	0	0	0
rs6866890	14	14	0	0	1	0	0	0
rs9324917	14	14	0	0	1	0	0	0
rs10482646	14	14	0	0	1	0	0	0
rs10482644	14	14	0	0	1	0	0	0
rs10482640	14	14	0	0	1	0	0	0
rs13178847	14	14	0	0	1	0	0	0
rs13356889	14	14	0	0	1	0	0	0
rs10036734	14	14	0	0	1	0	0	0
rs10041074	14	14	0	0	1	0	0	0
rs10482639	14	14	0	0	1	0	0	0
rs10482637	14	14	0	0	1	0	0	0
rs10482635	14	14	0	0	1	0	0	0
rs10038827	14	14	0	0	1	0	0	0
rs6861962	14	14	0	0	1	0	0	0
rs10482632	14	14	0	0	1	0	0	0
rs13176292	14	14	0	0	1	0	0	0
rs13186482	14	14	0	0	1	0	0	0
rs10482631	14	14	0	0	1	0	0	0
rs10038464	14	14	0	0	1	0	0	0
rs10042644	14	14	0	0	1	0	0	0
rs10477205	14	14	0	0	1	0	0	0
rs13171962	14	14	0	0	1	0	0	0
rs10482654	14	14	0	0	1	0	0	0
rs13158118	14	14	0	0	1	0	0	0
rs9324912	14	14	0	0	1	0	0	0
rs10482701	14	14	0	0	1	0	0	0
rs864082	14	14	0	0	1	0	0	0
rs2963146	14	14	0	0	1	0	0	0
rs10482697	14	14	0	0	1	0	0	0
rs10053963	14	14	0	0	1	0	0	0
rs10039663	14	14	0	0	1	0	0	0
rs10482695	14	14	0	0	1	0	0	0
rs10482694	14	14	0	0	1	0	0	0
rs10482691	14	14	0	0	1	0	0	0
rs9324913	14	14	0	0	1	0	0	0
rs9324914	14	14	0	0	1	0	0	0
rs2918420	14	14	0	0	1	0	0	0
rs10482680	14	14	0	0	1	0	0	0
rs3776216	14	14	0	0	1	0	0	0
rs10482677	14	14	0	0	1	0	0	0
rs13358709	14	14	0	0	1	0	0	0
rs13361442	14	14	0	0	1	0	0	0
rs13358784	14	14	0	0	1	0	0	0
rs3822376	14	14	0	0	1	0	0	0
rs13306587	14	14	0	0	1	0	0	0
rs10482666	14	14	0	0	1	0	0	0
rs10482664	14	14	0	0	1	0	0	0
rs10482661	14	14	0	0	1	0	0	0
rs10482658	14	14	0	0	1	0	0	0
rs9324915	14	14	0	0	1	0	0	0
rs258751	14	14	0	0	1	0	0	0
rs10045381	14	14	0	0	1	0	0	0
rs13360160	14	14	0	0	1	0	0	0
rs11886472	14	14	0	0	1	0	0	0
rs28986320	14	14	0	0	1	0	0	0
rs2078167	14	14	0	0	1	0	0	0
rs2853806	14	14	0	0	1	0	0	0
rs2395100	14	14	0	0	1	0	0	0
rs2555459	14	14	0	0	1	0	0	0
rs4646408	14	14	0	0	1	0	0	0
rs3785499	14	14	0	0	1	0	0	0
rs4244593	14	14	0	0	1	0	0	0
rs3744120	14	14	0	0	1	0	0	0
rs897453	14	14	0	0	1	0	0	0
rs747770	14	14	0	0	1	0	0	0
rs4646384	14	14	0	0	1	0	0	0
rs4646383	14	14	0	0	1	0	0	0
rs13342397	14	14	0	0	1	0	0	0
rs4646365	14	14	0	0	1	0	0	0
rs4646364	14	14	0	0	1	0	0	0
rs8068641	14	14	0	0	1	0	0	0
rs2124344	14	14	0	0	1	0	0	0
rs2278952	14	14	0	0	1	0	0	0
rs3760188	14	14	0	0	1	0	0	0
rs4646344	14	14	0	0	1	0	0	0
rs4646341	14	14	0	0	1	0	0	0
rs7225649	14	14	0	0	1	0	0	0
rs3112512	14	14	0	0	1	0	0	0
rs3768768	14	14	0	0	1	0	0	0
rs13355103	14	14	0	0	1	0	0	0
rs12328631	14	14	0	0	1	0	0	0
rs1860553	14	14	0	0	1	0	0	0
rs4912907	14	14	0	0	1	0	0	0
rs10482625	14	14	0	0	1	0	0	0
rs12652915	14	14	0	0	1	0	0	0
rs11742942	14	14	0	0	1	0	0	0
rs10065326	14	14	0	0	1	0	0	0
rs13306589	14	14	0	0	1	0	0	0
rs6192	14	14	0	0	1	0	0	0
rs10482621	14	14	0	0	1	0	0	0
rs10482619	14	14	0	0	1	0	0	0
rs10482617	14	14	0	0	1	0	0	0
rs9324922	14	14	0	0	1	0	0	0
rs10482612	14	14	0	0	1	0	0	0
rs10482604	14	14	0	0	1	0	0	0
rs4912909	14	14	0	0	1	0	0	0
rs11167810	14	14	0	0	1	0	0	0
rs5536	14	14	0	0	1	0	0	0
rs6828378	14	14	0	0	1	0	0	0
rs878232	14	14	0	0	1	0	0	0
rs1913023	14	14	0	0	1	0	0	0
rs1512328	14	14	0	0	1	0	0	0
rs5529	14	14	0	0	1	0	0	0
rs5527	14	14	0	0	1	0	0	0
rs16961516	14	14	0	0	1	0	0	0
rs6502579	14	14	0	0	1	0	0	0
rs7226068	14	14	0	0	1	0	0	0
rs10468464	14	14	0	0	1	0	0	0
rs13306585	14	14	0	0	1	0	0	0
rs10482709	14	14	0	0	1	0	0	0
rs6187	14	14	0	0	1	0	0	0
rs7592426	14	14	0	0	1	0	0	0
rs10170080	14	14	0	0	1	0	0	0
rs6715965	14	14	0	0	1	0	0	0
rs1242515	14	14	0	0	1	0	0	0
rs1056024	14	14	0	0	1	0	0	0
rs6835378	14	14	0	0	1	0	0	0
rs3797044	14	14	0	0	1	0	0	0
rs6587082	14	14	0	0	1	0	0	0
rs7973133	14	14	0	0	1	0	0	0
rs9864251	14	14	0	0	1	0	0	0
rs6798971	14	14	0	0	1	0	0	0
rs9832459	14	14	0	0	1	0	0	0
rs1316735	14	14	0	0	1	0	0	0
rs17006578	14	14	0	0	1	0	0	0
rs9874322	14	14	0	0	1	0	0	0
rs8074485	14	14	0	0	1	0	0	0
rs7216176	14	14	0	0	1	0	0	0
rs12452303	14	14	0	0	1	0	0	0
rs12603417	14	14	0	0	1	0	0	0
rs8069241	14	14	0	0	1	0	0	0
rs10852845	14	14	0	0	1	0	0	0
rs16961396	14	14	0	0	1	0	0	0
rs7223758	14	14	0	0	1	0	0	0
rs2292528	14	14	0	0	1	0	0	0
rs2272298	14	14	0	0	1	0	0	0
rs16866839	14	14	0	0	1	0	0	0
rs16961406	14	14	0	0	1	0	0	0
rs6431967	14	14	0	0	1	0	0	0
rs10929559	14	14	0	0	1	0	0	0
rs4256198	14	14	0	0	1	0	0	0
rs1389706	14	14	0	0	1	0	0	0
rs17044211	14	14	0	0	1	0	0	0
rs1565842	14	14	0	0	1	0	0	0
rs7693115	14	14	0	0	1	0	0	0
rs10030506	14	14	0	0	1	0	0	0
rs4334707	14	14	0	0	1	0	0	0
rs4267695	14	14	0	0	1	0	0	0
rs7674531	14	14	0	0	1	0	0	0
rs17044337	14	14	0	0	1	0	0	0
rs12511868	14	14	0	0	1	0	0	0
rs17044451	14	14	0	0	1	0	0	0
rs17044453	14	14	0	0	1	0	0	0
rs17675820	14	14	0	0	1	0	0	0
rs17044711	14	14	0	0	1	0	0	0
rs17044732	14	14	0	0	1	0	0	0
rs1835507	14	14	0	0	1	0	0	0
rs1430974	14	14	0	0	1	0	0	0
rs10517805	14	14	0	0	1	0	0	0
rs17044891	14	14	0	0	1	0	0	0
rs7675835	14	14	0	0	1	0	0	0
rs7680916	14	14	0	0	1	0	0	0
rs4431170	14	14	0	0	1	0	0	0
rs2277500	14	14	0	0	1	0	0	0
rs12929524	14	14	0	0	1	0	0	0
rs7602744	14	14	0	0	1	0	0	0
rs716594	14	14	0	0	1	0	0	0
rs2010327	14	14	0	0	1	0	0	0
rs1803997	14	14	0	0	1	0	0	0
rs4600071	14	14	0	0	1	0	0	0
rs16842621	14	14	0	0	1	0	0	0
rs9628687	14	14	0	0	1	0	0	0
rs6759443	14	14	0	0	1	0	0	0
rs5031039	14	14	0	0	1	0	0	0
rs1135118	14	14	0	0	1	0	0	0
rs13402068	14	14	0	0	1	0	0	0
rs7863561	14	14	0	0	1	0	0	0
rs7031859	14	14	0	0	1	0	0	0
rs7032297	14	14	0	0	1	0	0	0
rs10810096	14	14	0	0	1	0	0	0
rs6474821	14	14	0	0	1	0	0	0
rs10756538	14	14	0	0	1	0	0	0
rs4740564	14	14	0	0	1	0	0	0
rs7846889	14	14	0	0	1	0	0	0
rs10961455	14	14	0	0	1	0	0	0
rs1060363	14	14	0	0	1	0	0	0
rs10410814	14	14	0	0	1	0	0	0
rs11574845	14	14	0	0	1	0	0	0
rs2295587	14	14	0	0	1	0	0	0
rs12427339	14	14	0	0	1	0	0	0
rs11121507	14	14	0	0	1	0	0	0
rs10482714	14	14	0	0	1	0	0	0
rs10482713	14	14	0	0	1	0	0	0
rs10482712	14	14	0	0	1	0	0	0
rs9628685	14	14	0	0	1	0	0	0
rs16959542	14	14	0	0	1	0	0	0
rs7218945	14	14	0	0	1	0	0	0
rs12952466	14	14	0	0	1	0	0	0
rs16932983	14	14	0	0	1	0	0	0
rs11990331	14	14	0	0	1	0	0	0
rs28707159	14	14	0	0	1	0	0	0
rs10088017	14	14	0	0	1	0	0	0
rs2955361	14	14	0	0	1	0	0	0
rs854767	14	14	0	0	1	0	0	0
rs854786	14	14	0	0	1	0	0	0
rs854779	14	14	0	0	1	0	0	0
rs11658477	14	14	0	0	1	0	0	0
rs2072653	14	14	0	0	1	0	0	0
rs8065026	14	14	0	0	1	0	0	0
rs2272571	14	14	0	0	1	0	0	0
rs11782817	14	14	0	0	1	0	0	0
rs854774	14	14	0	0	1	0	0	0
rs10204713	14	14	0	0	1	0	0	0
rs1049038	14	14	0	0	1	0	0	0
rs6063126	14	14	0	0	1	0	0	0
rs11906162	14	14	0	0	1	0	0	0
rs2425947	14	14	0	0	1	0	0	0
rs6012207	14	14	0	0	1	0	0	0
rs16992616	14	14	0	0	1	0	0	0
rs6125048	14	14	0	0	1	0	0	0
rs2284322	14	14	0	0	1	0	0	0
rs6094752	14	14	0	0	1	0	0	0
rs6094756	14	14	0	0	1	0	0	0
rs6094766	14	14	0	0	1	0	0	0
rs16960961	14	14	0	0	1	0	0	0
rs6857627	14	14	0	0	1	0	0	0
rs11993194	14	14	0	0	1	0	0	0
rs12321105	14	14	0	0	1	0	0	0
rs3741666	14	14	0	0	1	0	0	0
rs10238881	14	14	0	0	1	0	0	0
rs17144546	14	14	0	0	1	0	0	0
rs2285941	14	14	0	0	1	0	0	0
rs10747667	14	14	0	0	1	0	0	0
rs13430952	14	14	0	0	1	0	0	0
rs12953299	14	14	0	0	1	0	0	0
rs9899634	14	14	0	0	1	0	0	0
rs9902941	14	14	0	0	1	0	0	0
rs1889018	14	14	0	0	1	0	0	0
rs11652861	14	14	0	0	1	0	0	0
rs34460718	14	14	0	0	1	0	0	0
rs10153241	14	14	0	0	1	0	0	0
rs8067443	14	14	0	0	1	0	0	0
rs7217884	14	14	0	0	1	0	0	0
rs34814003	14	14	0	0	1	0	0	0
rs11264176	14	14	0	0	1	0	0	0
rs728598	14	14	0	0	1	0	0	0
rs12011849	14	14	0	0	1	0	0	0
rs1962914	14	14	0	0	1	0	0	0
rs238533	14	14	0	0	1	0	0	0
rs2238536	14	14	0	0	1	0	0	0
rs11571512	14	14	0	0	1	0	0	0
rs2229333	14	14	0	0	1	0	0	0
rs11906692	14	14	0	0	1	0	0	0
rs678428	14	14	0	0	1	0	0	0
rs12075860	14	14	0	0	1	0	0	0
rs477432	14	14	0	0	1	0	0	0
rs6563502	14	14	0	0	1	0	0	0
rs35694954	14	14	0	0	1	0	0	0
rs2287001	14	14	0	0	1	0	0	0
rs8066415	14	14	0	0	1	0	0	0
rs16942803	14	14	0	0	1	0	0	0
rs11831330	14	14	0	0	1	0	0	0
rs10477401	14	14	0	0	1	0	0	0
rs17795193	14	14	0	0	1	0	0	0
rs17722227	14	14	0	0	1	0	0	0
rs10066882	14	14	0	0	1	0	0	0
rs9956201	14	14	0	0	1	0	0	0
rs16958543	14	14	0	0	1	0	0	0
rs16958553	14	14	0	0	1	0	0	0
rs6507788	14	14	0	0	1	0	0	0
rs7232994	14	14	0	0	1	0	0	0
rs16952779	14	14	0	0	1	0	0	0
rs11875522	14	14	0	0	1	0	0	0
rs11663402	14	14	0	0	1	0	0	0
rs8088297	14	14	0	0	1	0	0	0
rs514501	14	14	0	0	1	0	0	0
rs17054567	14	14	0	0	1	0	0	0
rs683296	14	14	0	0	1	0	0	0
rs511674	14	14	0	0	1	0	0	0
rs489646	14	14	0	0	1	0	0	0
rs2762140	14	14	0	0	1	0	0	0
rs681350	14	14	0	0	1	0	0	0
rs678037	14	14	0	0	1	0	0	0
rs12402578	14	14	0	0	1	0	0	0
rs7245415	14	14	0	0	1	0	0	0
rs16941804	14	14	0	0	1	0	0	0
rs9914597	14	14	0	0	1	0	0	0
rs17181981	14	14	0	0	1	0	0	0
rs12070248	14	14	0	0	1	0	0	0
rs11214860	14	14	0	0	1	0	0	0
rs238920	14	14	0	0	1	0	0	0
rs7116229	14	14	0	0	1	0	0	0
rs7950485	14	14	0	0	1	0	0	0
rs17116545	14	14	0	0	1	0	0	0
rs7929883	14	14	0	0	1	0	0	0
rs12275428	14	14	0	0	1	0	0	0
rs661223	14	14	0	0	1	0	0	0
rs3825043	14	14	0	0	1	0	0	0
rs420234	14	14	0	0	1	0	0	0
rs16912318	14	14	0	0	1	0	0	0
rs10412825	14	14	0	0	1	0	0	0
rs10221509	14	14	0	0	1	0	0	0
rs3187141	14	14	0	0	1	0	0	0
rs10245660	14	14	0	0	1	0	0	0
rs2704824	14	14	0	0	1	0	0	0
rs16982914	14	14	0	0	1	0	0	0
rs12387258	14	14	0	0	1	0	0	0
rs7214389	14	14	0	0	1	0	0	0
rs7212777	14	14	0	0	1	0	0	0
rs7157730	14	14	0	0	1	0	0	0
rs6502516	14	14	0	0	1	0	0	0
rs157395	14	14	0	0	1	0	0	0
rs16941775	14	14	0	0	1	0	0	0
rs157386	14	14	0	0	1	0	0	0
rs205107	14	14	0	0	1	0	0	0
rs9915248	14	14	0	0	1	0	0	0
rs1052299	14	14	0	0	1	0	0	0
rs7501812	14	14	0	0	1	0	0	0
rs8079321	14	14	0	0	1	0	0	0
rs11078401	14	14	0	0	1	0	0	0
rs9907246	14	14	0	0	1	0	0	0
rs950966	14	14	0	0	1	0	0	0
rs2274893	14	14	0	0	1	0	0	0
rs16960751	14	14	0	0	1	0	0	0
rs11078406	14	14	0	0	1	0	0	0
rs16960767	14	14	0	0	1	0	0	0
rs4257260	14	14	0	0	1	0	0	0
rs10048206	14	14	0	0	1	0	0	0
rs6502629	14	14	0	0	1	0	0	0
rs9909732	14	14	0	0	1	0	0	0
rs4925159	14	14	0	0	1	0	0	0
rs2294914	14	14	0	0	1	0	0	0
rs7207123	14	14	0	0	1	0	0	0
rs9839197	14	14	0	0	1	0	0	0
rs13321831	14	14	0	0	1	0	0	0
rs17447439	14	14	0	0	1	0	0	0
rs16864857	14	14	0	0	1	0	0	0
rs9290907	14	14	0	0	1	0	0	0
rs11543359	14	14	0	0	1	0	0	0
rs118943	14	14	0	0	1	0	0	0
rs17794370	14	14	0	0	1	0	0	0
rs36268	14	14	0	0	1	0	0	0
rs10424274	14	14	0	0	1	0	0	0
rs8102889	14	14	0	0	1	0	0	0
rs1800246	14	14	0	0	1	0	0	0
rs1800234	14	14	0	0	1	0	0	0
rs1800235	14	14	0	0	1	0	0	0
rs4253756	14	14	0	0	1	0	0	0
rs4253757	14	14	0	0	1	0	0	0
rs11090819	14	14	0	0	1	0	0	0
rs1042311	14	14	0	0	1	0	0	0
rs4253773	14	14	0	0	1	0	0	0
rs4253780	14	14	0	0	1	0	0	0
rs9615784	14	14	0	0	1	0	0	0
rs7286168	14	14	0	0	1	0	0	0
rs6740453	14	14	0	0	1	0	0	0
rs7596891	14	14	0	0	1	0	0	0
rs10460535	14	14	0	0	1	0	0	0
rs11889501	14	14	0	0	1	0	0	0
rs13384667	14	14	0	0	1	0	0	0
rs6720958	14	14	0	0	1	0	0	0
rs7577540	14	14	0	0	1	0	0	0
rs3768761	14	14	0	0	1	0	0	0
rs12623399	14	14	0	0	1	0	0	0
rs2278774	14	14	0	0	1	0	0	0
rs3738894	14	14	0	0	1	0	0	0
rs3738893	14	14	0	0	1	0	0	0
rs8066385	14	14	0	0	1	0	0	0
rs1037037	14	14	0	0	1	0	0	0
rs4253791	14	14	0	0	1	0	0	0
rs4393623	14	14	0	0	1	0	0	0
rs9627100	14	14	0	0	1	0	0	0
rs4253693	14	14	0	0	1	0	0	0
rs35787066	14	14	0	0	1	0	0	0
rs17171521	14	14	0	0	1	0	0	0
rs10230144	14	14	0	0	1	0	0	0
rs17171524	14	14	0	0	1	0	0	0
rs17171543	14	14	0	0	1	0	0	0
rs17686832	14	14	0	0	1	0	0	0
rs7789243	14	14	0	0	1	0	0	0
rs17171578	14	14	0	0	1	0	0	0
rs4253618	14	14	0	0	1	0	0	0
rs4253624	14	14	0	0	1	0	0	0
rs4253783	14	14	0	0	1	0	0	0
rs4253636	14	14	0	0	1	0	0	0
rs4253638	14	14	0	0	1	0	0	0
rs4253639	14	14	0	0	1	0	0	0
rs5769184	14	14	0	0	1	0	0	0
rs4253653	14	14	0	0	1	0	0	0
rs4253654	14	14	0	0	1	0	0	0
rs4253786	14	14	0	0	1	0	0	0
rs9626737	14	14	0	0	1	0	0	0
rs4253679	14	14	0	0	1	0	0	0
rs4253682	14	14	0	0	1	0	0	0
rs4253683	14	14	0	0	1	0	0	0
rs4253685	14	14	0	0	1	0	0	0
rs4253688	14	14	0	0	1	0	0	0
rs4253691	14	14	0	0	1	0	0	0
rs4253694	14	14	0	0	1	0	0	0
rs11078421	14	14	0	0	1	0	0	0
rs7223173	14	14	0	0	1	0	0	0
rs12936834	14	14	0	0	1	0	0	0
rs1802498	14	14	0	0	1	0	0	0
rs739830	14	14	0	0	1	0	0	0
rs1295330	14	14	0	0	1	0	0	0
rs2072121	14	14	0	0	1	0	0	0
rs2072120	14	14	0	0	1	0	0	0
rs2072119	14	14	0	0	1	0	0	0
rs13236790	14	14	0	0	1	0	0	0
rs3779091	14	14	0	0	1	0	0	0
rs852403	14	14	0	0	1	0	0	0
rs852396	14	14	0	0	1	0	0	0
rs3801009	14	14	0	0	1	0	0	0
rs10242141	14	14	0	0	1	0	0	0
rs2345864	14	14	0	0	1	0	0	0
rs17135724	14	14	0	0	1	0	0	0
rs11980653	14	14	0	0	1	0	0	0
rs6972718	14	14	0	0	1	0	0	0
rs36009719	14	14	0	0	1	0	0	0
rs7855881	14	14	0	0	1	0	0	0
rs12348547	14	14	0	0	1	0	0	0
rs4501664	14	14	0	0	1	0	0	0
rs11789076	14	14	0	0	1	0	0	0
rs11103462	14	14	0	0	1	0	0	0
rs12349076	14	14	0	0	1	0	0	0
rs35315770	14	14	0	0	1	0	0	0
rs1805342	14	14	0	0	1	0	0	0
rs10419684	14	14	0	0	1	0	0	0
rs10275627	14	14	0	0	1	0	0	0
rs1975250	14	14	0	0	1	0	0	0
rs1992005	14	14	0	0	1	0	0	0
rs9899848	14	14	0	0	1	0	0	0
rs9914901	14	14	0	0	1	0	0	0
rs8070707	14	14	0	0	1	0	0	0
rs2469862	14	14	0	0	1	0	0	0
rs11657284	14	14	0	0	1	0	0	0
rs1634411	14	14	0	0	1	0	0	0
rs6846	14	14	0	0	1	0	0	0
rs9890929	14	14	0	0	1	0	0	0
rs6502615	14	14	0	0	1	0	0	0
rs11654526	14	14	0	0	1	0	0	0
rs4244601	14	14	0	0	1	0	0	0
rs11078396	14	14	0	0	1	0	0	0
rs16951242	14	14	0	0	1	0	0	0
rs4925108	14	14	0	0	1	0	0	0
rs16961993	14	14	0	0	1	0	0	0
rs4924815	14	14	0	0	1	0	0	0
rs8066159	14	14	0	0	1	0	0	0
rs4925111	14	14	0	0	1	0	0	0
rs1006656	14	14	0	0	1	0	0	0
rs3818717	14	14	0	0	1	0	0	0
rs16962003	14	14	0	0	1	0	0	0
rs11653720	14	14	0	0	1	0	0	0
rs2246292	14	14	0	0	1	0	0	0
rs9284857	14	14	0	0	1	0	0	0
rs13087022	14	14	0	0	1	0	0	0
rs6781783	14	14	0	0	1	0	0	0
rs4925109	14	14	0	0	1	0	0	0
rs10517784	14	14	0	0	1	0	0	0
rs12450878	14	14	0	0	1	0	0	0
rs17042922	14	14	0	0	1	0	0	0
rs13362744	14	14	0	0	1	0	0	0
rs9340776	14	14	0	0	1	0	0	0
rs9371557	14	14	0	0	1	0	0	0
rs7759411	14	14	0	0	1	0	0	0
rs11969288	14	14	0	0	1	0	0	0
rs6909023	14	14	0	0	1	0	0	0
rs17081771	14	14	0	0	1	0	0	0
rs17081781	14	14	0	0	1	0	0	0
rs9340820	14	14	0	0	1	0	0	0
rs11155823	14	14	0	0	1	0	0	0
rs6920483	14	14	0	0	1	0	0	0
rs9383598	14	14	0	0	1	0	0	0
rs7739506	14	14	0	0	1	0	0	0
rs6938143	14	14	0	0	1	0	0	0
rs7769328	14	14	0	0	1	0	0	0
rs9340939	14	14	0	0	1	0	0	0
rs17082000	14	14	0	0	1	0	0	0
rs3798757	14	14	0	0	1	0	0	0
rs493052	14	14	0	0	1	0	0	0
rs3738493	14	14	0	0	1	0	0	0
rs3738492	14	14	0	0	1	0	0	0
rs11572832	14	14	0	0	1	0	0	0
rs9397459	14	14	0	0	1	0	0	0
rs9803970	14	14	0	0	1	0	0	0
rs9371556	14	14	0	0	1	0	0	0
rs11964488	14	14	0	0	1	0	0	0
rs3213172	14	14	0	0	1	0	0	0
rs4134982	14	14	0	0	1	0	0	0
rs3730394	14	14	0	0	1	0	0	0
rs3730406	14	14	0	0	1	0	0	0
rs3809629	14	14	0	0	1	0	0	0
rs6712902	14	14	0	0	1	0	0	0
rs10496055	14	14	0	0	1	0	0	0
rs12292	14	14	0	0	1	0	0	0
rs10496056	14	14	0	0	1	0	0	0
rs10995314	14	14	0	0	1	0	0	0
rs1856058	14	14	0	0	1	0	0	0
rs16925912	14	14	0	0	1	0	0	0
rs1377496	14	14	0	0	1	0	0	0
rs11032801	14	14	0	0	1	0	0	0
rs3788846	14	14	0	0	1	0	0	0
rs11096260	14	14	0	0	1	0	0	0
rs12858396	14	14	0	0	1	0	0	0
rs2227997	14	14	0	0	1	0	0	0
rs2742918	14	14	0	0	1	0	0	0
rs1468691	14	14	0	0	1	0	0	0
rs13382091	14	14	0	0	1	0	0	0
rs11967900	14	14	0	0	1	0	0	0
rs12283617	14	14	0	0	1	0	0	0
rs3213178	14	14	0	0	1	0	0	0
rs17042719	14	14	0	0	1	0	0	0
rs6693114	14	14	0	0	1	0	0	0
rs4846814	14	14	0	0	1	0	0	0
rs946436	14	14	0	0	1	0	0	0
rs6604654	14	14	0	0	1	0	0	0
rs10236596	14	14	0	0	1	0	0	0
rs10226058	14	14	0	0	1	0	0	0
rs17167711	14	14	0	0	1	0	0	0
rs6963305	14	14	0	0	1	0	0	0
rs2285419	14	14	0	0	1	0	0	0
rs16838072	14	14	0	0	1	0	0	0
rs16838078	14	14	0	0	1	0	0	0
rs2818805	14	14	0	0	1	0	0	0
rs2228269	14	14	0	0	1	0	0	0
rs11719322	14	14	0	0	1	0	0	0
rs16987366	14	14	0	0	1	0	0	0
rs1055852	14	14	0	0	1	0	0	0
rs2240245	14	14	0	0	1	0	0	0
rs12674532	14	14	0	0	1	0	0	0
rs7224335	14	14	0	0	1	0	0	0
rs12602675	14	14	0	0	1	0	0	0
rs7224474	14	14	0	0	1	0	0	0
rs3744124	14	14	0	0	1	0	0	0
rs11869283	14	14	0	0	1	0	0	0
rs11711023	14	14	0	0	1	0	0	0
rs10495028	14	14	0	0	1	0	0	0
rs12404767	14	14	0	0	1	0	0	0
rs10492955	14	14	0	0	1	0	0	0
rs17044034	14	14	0	0	1	0	0	0
rs17042929	14	14	0	0	1	0	0	0
rs1857409	14	14	0	0	1	0	0	0
rs17042952	14	14	0	0	1	0	0	0
rs6700565	14	14	0	0	1	0	0	0
rs1339344	14	14	0	0	1	0	0	0
rs10495032	14	14	0	0	1	0	0	0
rs2820883	14	14	0	0	1	0	0	0
rs2789724	14	14	0	0	1	0	0	0
rs2813696	14	14	0	0	1	0	0	0
rs17041541	14	14	0	0	1	0	0	0
rs6656533	14	14	0	0	1	0	0	0
rs12023645	14	14	0	0	1	0	0	0
rs10458464	14	14	0	0	1	0	0	0
rs11807172	14	14	0	0	1	0	0	0
rs12402472	14	14	0	0	1	0	0	0
rs2576243	14	14	0	0	1	0	0	0
rs2818749	14	14	0	0	1	0	0	0
rs11572505	14	14	0	0	1	0	0	0
rs2576239	14	14	0	0	1	0	0	0
rs12065974	14	14	0	0	1	0	0	0
rs17044557	14	14	0	0	1	0	0	0
rs11572621	14	14	0	0	1	0	0	0
rs2155135	14	14	0	0	1	0	0	0
rs2230317	14	14	0	0	1	0	0	0
rs2975004	14	14	0	0	1	0	0	0
rs2955378	14	14	0	0	1	0	0	0
rs2955383	14	14	0	0	1	0	0	0
rs11652712	14	14	0	0	1	0	0	0
rs3886478	14	14	0	0	1	0	0	0
rs6587074	14	14	0	0	1	0	0	0
rs2048230	14	14	0	0	1	0	0	0
rs7739280	14	14	0	0	1	0	0	0
rs3966851	14	14	0	0	1	0	0	0
rs11965525	14	14	0	0	1	0	0	0
rs16882302	14	14	0	0	1	0	0	0
rs11652819	14	14	0	0	1	0	0	0
rs12110476	14	14	0	0	1	0	0	0
rs6901683	14	14	0	0	1	0	0	0
rs2208039	14	14	0	0	1	0	0	0
rs7748973	14	14	0	0	1	0	0	0
rs16882480	14	14	0	0	1	0	0	0
rs12065791	14	14	0	0	1	0	0	0
rs2927457	14	14	0	0	1	0	0	0
rs1480037	14	14	0	0	1	0	0	0
rs6025427	14	14	0	0	1	0	0	0
rs13037653	14	14	0	0	1	0	0	0
rs6025428	14	14	0	0	1	0	0	0
rs9451347	14	14	0	0	1	0	0	0
rs6025456	14	14	0	0	1	0	0	0
rs895685	14	14	0	0	1	0	0	0
rs16912563	14	14	0	0	1	0	0	0
rs12451481	14	14	0	0	1	0	0	0
rs6923091	14	14	0	0	1	0	0	0
rs7750650	14	14	0	0	1	0	0	0
rs16892215	14	14	0	0	1	0	0	0
rs3798925	14	14	0	0	1	0	0	0
rs7770491	14	14	0	0	1	0	0	0
rs16892317	14	14	0	0	1	0	0	0
rs5044	14	14	0	0	1	0	0	0
rs2478522	14	14	0	0	1	0	0	0
rs203467	14	14	0	0	1	0	0	0
rs7131131	14	14	0	0	1	0	0	0
rs203462	14	14	0	0	1	0	0	0
rs1638526	14	14	0	0	1	0	0	0
rs2108978	14	14	0	0	1	0	0	0
rs854803	14	14	0	0	1	0	0	0
rs4925145	14	14	0	0	1	0	0	0
rs4924839	14	14	0	0	1	0	0	0
rs17732024	14	14	0	0	1	0	0	0
rs1563371	14	14	0	0	1	0	0	0
rs1378602	14	14	0	0	1	0	0	0
rs3088233	14	14	0	0	1	0	0	0
rs4950830	14	14	0	0	1	0	0	0
rs11870360	14	14	0	0	1	0	0	0
rs2955387	14	14	0	0	1	0	0	0
rs4361186	14	14	0	0	1	0	0	0
rs12325965	14	14	0	0	1	0	0	0
rs3735020	14	14	0	0	1	0	0	0
rs17169441	14	14	0	0	1	0	0	0
rs6969436	14	14	0	0	1	0	0	0
rs12563892	14	14	0	0	1	0	0	0
rs34147648	14	14	0	0	1	0	0	0
rs11010110	14	14	0	0	1	0	0	0
rs9783159	14	14	0	0	1	0	0	0
rs12240732	14	14	0	0	1	0	0	0
rs11010116	14	14	0	0	1	0	0	0
rs9941095	14	14	0	0	1	0	0	0
rs3735019	14	14	0	0	1	0	0	0
rs34523198	14	14	0	0	1	0	0	0
rs10817610	14	14	0	0	1	0	0	0
rs4978587	14	14	0	0	1	0	0	0
rs1924683	14	14	0	0	1	0	0	0
rs10513245	14	14	0	0	1	0	0	0
rs12004144	14	14	0	0	1	0	0	0
rs16929518	14	14	0	0	1	0	0	0
rs8070360	14	14	0	0	1	0	0	0
rs9847351	14	14	0	0	1	0	0	0
rs6794427	14	14	0	0	1	0	0	0
rs16960870	14	14	0	0	1	0	0	0
rs12595963	14	14	0	0	1	0	0	0
rs8080440	14	14	0	0	1	0	0	0
rs6976928	14	14	0	0	1	0	0	0
rs6958842	14	14	0	0	1	0	0	0
rs6504547	14	14	0	0	1	0	0	0
rs7209023	14	14	0	0	1	0	0	0
rs9914393	14	14	0	0	1	0	0	0
rs9894962	14	14	0	0	1	0	0	0
rs12950044	14	14	0	0	1	0	0	0
rs8064784	14	14	0	0	1	0	0	0
rs11485184	14	14	0	0	1	0	0	0
rs12033029	14	14	0	0	1	0	0	0
rs17107179	14	14	0	0	1	0	0	0
rs2477101	14	14	0	0	1	0	0	0
rs6959012	14	14	0	0	1	0	0	0
rs2820334	14	14	0	0	1	0	0	0
rs11806164	14	14	0	0	1	0	0	0
rs11064256	14	14	0	0	1	0	0	0
rs16932768	14	14	0	0	1	0	0	0
rs2520425	14	14	0	0	1	0	0	0
rs2520424	14	14	0	0	1	0	0	0
rs2520419	14	14	0	0	1	0	0	0
rs2521325	14	14	0	0	1	0	0	0
rs6855837	14	14	0	0	1	0	0	0
rs12340601	14	14	0	0	1	0	0	0
rs34745689	14	14	0	0	1	0	0	0
rs9660764	14	14	0	0	1	0	0	0
rs4558174	14	14	0	0	1	0	0	0
rs7211756	14	14	0	0	1	0	0	0
rs6562791	14	14	0	0	1	0	0	0
rs2605135	14	14	0	0	1	0	0	0
rs669561	14	14	0	0	1	0	0	0
rs2290503	14	14	0	0	1	0	0	0
rs2290507	14	14	0	0	1	0	0	0
rs2605137	14	14	0	0	1	0	0	0
rs1027949	14	14	0	0	1	0	0	0
rs16940760	14	14	0	0	1	0	0	0
rs2290509	14	14	0	0	1	0	0	0
rs28523978	14	14	0	0	1	0	0	0
rs9804905	14	14	0	0	1	0	0	0
rs12047085	14	14	0	0	1	0	0	0
rs10276767	14	14	0	0	1	0	0	0
rs925368	14	14	0	0	1	0	0	0
rs11644820	14	14	0	0	1	0	0	0
rs11069018	14	14	0	0	1	0	0	0
rs17003003	14	14	0	0	1	0	0	0
rs9573319	14	14	0	0	1	0	0	0
rs2063388	14	14	0	0	1	0	0	0
rs2233078	14	14	0	0	1	0	0	0
rs8135862	14	14	0	0	1	0	0	0
rs11068997	14	14	0	0	1	0	0	0
rs2233083	14	14	0	0	1	0	0	0
rs12229815	14	14	0	0	1	0	0	0
rs12032061	14	14	0	0	1	0	0	0
rs12029901	14	14	0	0	1	0	0	0
rs6671579	14	14	0	0	1	0	0	0
rs11068984	14	14	0	0	1	0	0	0
rs16940710	14	14	0	0	1	0	0	0
rs17061542	14	14	0	0	1	0	0	0
rs7197512	14	14	0	0	1	0	0	0
rs9924164	14	14	0	0	1	0	0	0
rs9318215	14	14	0	0	1	0	0	0
rs7943008	14	14	0	0	1	0	0	0
rs9697457	14	14	0	0	1	0	0	0
rs7759248	14	14	0	0	1	0	0	0
rs9487742	14	14	0	0	1	0	0	0
rs4839701	14	14	0	0	1	0	0	0
rs4150529	14	14	0	0	1	0	0	0
rs10258672	14	14	0	0	1	0	0	0
rs10254080	14	14	0	0	1	0	0	0
rs10232099	14	14	0	0	1	0	0	0
rs8191451	14	14	0	0	1	0	0	0
rs4734653	14	14	0	0	1	0	0	0
rs4986949	14	14	0	0	1	0	0	0
rs974417	14	14	0	0	1	0	0	0
rs3891249	14	14	0	0	1	0	0	0
rs4950769	14	14	0	0	1	0	0	0
rs12662753	14	14	0	0	1	0	0	0
rs4074512	14	14	0	0	1	0	0	0
rs879382	14	14	0	0	1	0	0	0
rs8000253	14	14	0	0	1	0	0	0
rs9400583	14	14	0	0	1	0	0	0
rs6427976	14	14	0	0	1	0	0	0
rs17090354	14	14	0	0	1	0	0	0
rs7333671	14	14	0	0	1	0	0	0
rs17090361	14	14	0	0	1	0	0	0
rs11838649	14	14	0	0	1	0	0	0
rs2025423	14	14	0	0	1	0	0	0
rs370752	14	14	0	0	1	0	0	0
rs7319665	14	14	0	0	1	0	0	0
rs3922927	14	14	0	0	1	0	0	0
rs16940705	14	14	0	0	1	0	0	0
rs12428279	14	14	0	0	1	0	0	0
rs1442850	14	14	0	0	1	0	0	0
rs12845122	14	14	0	0	1	0	0	0
rs9573095	14	14	0	0	1	0	0	0
rs7999645	14	14	0	0	1	0	0	0
rs2293781	14	14	0	0	1	0	0	0
rs7995760	14	14	0	0	1	0	0	0
rs17061640	14	14	0	0	1	0	0	0
rs7996546	14	14	0	0	1	0	0	0
rs8000989	14	14	0	0	1	0	0	0
rs4885133	14	14	0	0	1	0	0	0
rs11068958	14	14	0	0	1	0	0	0
rs10507825	14	14	0	0	1	0	0	0
rs17071114	14	14	0	0	1	0	0	0
rs9923565	14	14	0	0	1	0	0	0
rs2829888	14	14	0	0	1	0	0	0
rs7283438	14	14	0	0	1	0	0	0
rs4946933	14	14	0	0	1	0	0	0
rs9372191	14	14	0	0	1	0	0	0
rs9573337	14	14	0	0	1	0	0	0
rs2802289	14	14	0	0	1	0	0	0
rs9372190	14	14	0	0	1	0	0	0
rs1078022	14	14	0	0	1	0	0	0
rs12402117	14	14	0	0	1	0	0	0
rs7529911	14	14	0	0	1	0	0	0
rs4925155	14	14	0	0	1	0	0	0
rs34913050	14	14	0	0	1	0	0	0
rs2071242	14	14	0	0	1	0	0	0
rs7564410	14	14	0	0	1	0	0	0
rs12428146	14	14	0	0	1	0	0	0
rs1356184	14	14	0	0	1	0	0	0
rs7314498	14	14	0	0	1	0	0	0
rs3738904	14	14	0	0	1	0	0	0
rs8000603	14	14	0	0	1	0	0	0
rs10932179	14	14	0	0	1	0	0	0
rs2305138	14	14	0	0	1	0	0	0
rs7968830	14	14	0	0	1	0	0	0
rs7693363	14	14	0	0	1	0	0	0
rs7695517	14	14	0	0	1	0	0	0
rs2284931	14	14	0	0	1	0	0	0
rs3742010	14	14	0	0	1	0	0	0
rs16940693	14	14	0	0	1	0	0	0
rs7594394	14	14	0	0	1	0	0	0
rs7970705	14	14	0	0	1	0	0	0
rs7130622	14	14	0	0	1	0	0	0
rs7869783	14	13	1	0	0.928571429	0.071428571	0	0.071428571
rs6711060	14	13	1	0	0.928571429	0.071428571	0	0.071428571
rs1736200	14	13	1	0	0.928571429	0.071428571	0	0.071428571
rs6537998	14	13	1	0	0.928571429	0.071428571	0	0.071428571
rs6502557	14	13	1	0	0.928571429	0.071428571	0	0.071428571
rs731516	14	13	1	0	0.928571429	0.071428571	0	0.071428571
rs17127170	14	13	1	0	0.928571429	0.071428571	0	0.071428571
rs12913975	14	13	1	0	0.928571429	0.071428571	0	0.071428571
rs7048602	14	13	1	0	0.928571429	0.071428571	0	0.071428571
rs17695156	14	13	1	0	0.928571429	0.071428571	0	0.071428571
rs17144483	14	13	1	0	0.928571429	0.071428571	0	0.071428571
rs17144497	14	13	1	0	0.928571429	0.071428571	0	0.071428571
rs17722293	14	13	1	0	0.928571429	0.071428571	0	0.071428571
rs3811465	14	13	1	0	0.928571429	0.071428571	0	0.071428571
rs9600201	14	13	1	0	0.928571429	0.071428571	0	0.071428571
rs34837	14	13	1	0	0.928571429	0.071428571	0	0.071428571
rs7766446	14	13	1	0	0.928571429	0.071428571	0	0.071428571
rs4985721	14	13	1	0	0.928571429	0.071428571	0	0.071428571
rs1792689	14	13	1	0	0.928571429	0.071428571	0	0.071428571
rs17810766	14	13	1	0	0.928571429	0.071428571	0	0.071428571
rs4732277	14	13	1	0	0.928571429	0.071428571	0	0.071428571
rs17364363	14	13	1	0	0.928571429	0.071428571	0	0.071428571
rs4240934	14	13	1	0	0.928571429	0.071428571	0	0.071428571
rs1540583	14	13	1	0	0.928571429	0.071428571	0	0.071428571
rs3744137	14	13	1	0	0.928571429	0.071428571	0	0.071428571
rs12913356	14	13	1	0	0.928571429	0.071428571	0	0.071428571
rs11064271	14	13	1	0	0.928571429	0.071428571	0	0.071428571
rs11064276	14	13	1	0	0.928571429	0.071428571	0	0.071428571
rs948588	14	13	1	0	0.928571429	0.071428571	0	0.071428571
rs775700	14	13	1	0	0.928571429	0.071428571	0	0.071428571
rs2375630	14	13	1	0	0.928571429	0.071428571	0	0.071428571
rs2267968	14	13	1	0	0.928571429	0.071428571	0	0.071428571
rs13359285	14	13	1	0	0.928571429	0.071428571	0	0.071428571
rs2375631	14	13	1	0	0.928571429	0.071428571	0	0.071428571
rs6690342	14	13	1	0	0.928571429	0.071428571	0	0.071428571
rs1033565	14	13	1	0	0.928571429	0.071428571	0	0.071428571
rs11666780	14	13	1	0	0.928571429	0.071428571	0	0.071428571
rs1375910	14	13	1	0	0.928571429	0.071428571	0	0.071428571
rs11669586	14	13	1	0	0.928571429	0.071428571	0	0.071428571
rs2320172	14	13	1	0	0.928571429	0.071428571	0	0.071428571
rs1871214	14	13	1	0	0.928571429	0.071428571	0	0.071428571
rs6948022	14	13	1	0	0.928571429	0.071428571	0	0.071428571
rs16950210	14	13	1	0	0.928571429	0.071428571	0	0.071428571
rs2165498	14	13	1	0	0.928571429	0.071428571	0	0.071428571
rs3182911	14	13	1	0	0.928571429	0.071428571	0	0.071428571
rs4728427	14	13	1	0	0.928571429	0.071428571	0	0.071428571
rs484524	14	13	1	0	0.928571429	0.071428571	0	0.071428571
rs7223686	14	13	1	0	0.928571429	0.071428571	0	0.071428571
rs670991	14	13	1	0	0.928571429	0.071428571	0	0.071428571
rs4320103	14	13	1	0	0.928571429	0.071428571	0	0.071428571
rs2047160	14	13	1	0	0.928571429	0.071428571	0	0.071428571
rs1511779	14	13	1	0	0.928571429	0.071428571	0	0.071428571
rs549427	14	13	1	0	0.928571429	0.071428571	0	0.071428571
rs545884	14	13	1	0	0.928571429	0.071428571	0	0.071428571
rs3798936	14	13	1	0	0.928571429	0.071428571	0	0.071428571
rs3823058	14	13	1	0	0.928571429	0.071428571	0	0.071428571
rs11568020	14	13	1	0	0.928571429	0.071428571	0	0.071428571
rs10488695	14	13	1	0	0.928571429	0.071428571	0	0.071428571
rs907435	14	13	1	0	0.928571429	0.071428571	0	0.071428571
rs717676	14	13	1	0	0.928571429	0.071428571	0	0.071428571
rs1877314	14	13	1	0	0.928571429	0.071428571	0	0.071428571
rs2073844	14	13	1	0	0.928571429	0.071428571	0	0.071428571
rs17473171	14	13	1	0	0.928571429	0.071428571	0	0.071428571
rs2852792	14	13	1	0	0.928571429	0.071428571	0	0.071428571
rs3967462	14	13	1	0	0.928571429	0.071428571	0	0.071428571
rs17006519	14	13	1	0	0.928571429	0.071428571	0	0.071428571
rs17473073	14	13	1	0	0.928571429	0.071428571	0	0.071428571
rs2642420	14	13	1	0	0.928571429	0.071428571	0	0.071428571
rs17116456	14	13	1	0	0.928571429	0.071428571	0	0.071428571
rs919574	14	13	1	0	0.928571429	0.071428571	0	0.071428571
rs1125640	14	13	1	0	0.928571429	0.071428571	0	0.071428571
rs10945718	14	13	1	0	0.928571429	0.071428571	0	0.071428571
rs12819299	14	13	1	0	0.928571429	0.071428571	0	0.071428571
rs11170457	14	13	1	0	0.928571429	0.071428571	0	0.071428571
rs3814777	14	13	1	0	0.928571429	0.071428571	0	0.071428571
rs16940029	14	13	1	0	0.928571429	0.071428571	0	0.071428571
rs2284691	14	13	1	0	0.928571429	0.071428571	0	0.071428571
rs2268389	14	13	1	0	0.928571429	0.071428571	0	0.071428571
rs7686154	14	13	1	0	0.928571429	0.071428571	0	0.071428571
rs7224723	14	13	1	0	0.928571429	0.071428571	0	0.071428571
rs1908290	14	13	1	0	0.928571429	0.071428571	0	0.071428571
rs10491106	14	13	1	0	0.928571429	0.071428571	0	0.071428571
rs3792614	14	13	1	0	0.928571429	0.071428571	0	0.071428571
rs9458136	14	13	1	0	0.928571429	0.071428571	0	0.071428571
rs12500778	14	13	1	0	0.928571429	0.071428571	0	0.071428571
rs4732356	14	13	1	0	0.928571429	0.071428571	0	0.071428571
rs4732354	14	13	1	0	0.928571429	0.071428571	0	0.071428571
rs4728461	14	13	1	0	0.928571429	0.071428571	0	0.071428571
rs7801123	14	13	1	0	0.928571429	0.071428571	0	0.071428571
rs1807426	14	13	1	0	0.928571429	0.071428571	0	0.071428571
rs9862499	14	13	1	0	0.928571429	0.071428571	0	0.071428571
rs982257	14	13	1	0	0.928571429	0.071428571	0	0.071428571
rs28710221	14	13	1	0	0.928571429	0.071428571	0	0.071428571
rs3773926	14	13	1	0	0.928571429	0.071428571	0	0.071428571
rs10194749	14	13	1	0	0.928571429	0.071428571	0	0.071428571
rs206912	14	13	1	0	0.928571429	0.071428571	0	0.071428571
rs1016423	14	13	1	0	0.928571429	0.071428571	0	0.071428571
rs2298135	14	13	1	0	0.928571429	0.071428571	0	0.071428571
rs881835	14	13	1	0	0.928571429	0.071428571	0	0.071428571
rs16973789	14	13	1	0	0.928571429	0.071428571	0	0.071428571
rs7605431	14	13	1	0	0.928571429	0.071428571	0	0.071428571
rs13415968	14	13	1	0	0.928571429	0.071428571	0	0.071428571
rs17288893	14	13	1	0	0.928571429	0.071428571	0	0.071428571
rs9374329	14	13	1	0	0.928571429	0.071428571	0	0.071428571
rs162311	14	13	1	0	0.928571429	0.071428571	0	0.071428571
rs7585370	14	13	1	0	0.928571429	0.071428571	0	0.071428571
rs1512290	14	13	1	0	0.928571429	0.071428571	0	0.071428571
rs2294763	14	13	1	0	0.928571429	0.071428571	0	0.071428571
rs9481207	14	13	1	0	0.928571429	0.071428571	0	0.071428571
rs6553483	14	13	1	0	0.928571429	0.071428571	0	0.071428571
rs9387043	14	13	1	0	0.928571429	0.071428571	0	0.071428571
rs7599740	14	13	1	0	0.928571429	0.071428571	0	0.071428571
rs6070015	14	13	1	0	0.928571429	0.071428571	0	0.071428571
rs3810449	14	13	1	0	0.928571429	0.071428571	0	0.071428571
rs12524602	14	13	1	0	0.928571429	0.071428571	0	0.071428571
rs2501726	14	13	1	0	0.928571429	0.071428571	0	0.071428571
rs6790791	14	13	1	0	0.928571429	0.071428571	0	0.071428571
rs7624774	14	13	1	0	0.928571429	0.071428571	0	0.071428571
rs1515495	14	13	1	0	0.928571429	0.071428571	0	0.071428571
rs1003392	14	13	1	0	0.928571429	0.071428571	0	0.071428571
rs9871604	14	13	1	0	0.928571429	0.071428571	0	0.071428571
rs16912751	14	13	1	0	0.928571429	0.071428571	0	0.071428571
rs1868049	14	13	1	0	0.928571429	0.071428571	0	0.071428571
rs7688298	14	13	1	0	0.928571429	0.071428571	0	0.071428571
rs4502640	14	13	1	0	0.928571429	0.071428571	0	0.071428571
rs17513276	14	13	1	0	0.928571429	0.071428571	0	0.071428571
rs12433870	14	13	1	0	0.928571429	0.071428571	0	0.071428571
rs2430949	14	13	1	0	0.928571429	0.071428571	0	0.071428571
rs6908310	14	13	1	0	0.928571429	0.071428571	0	0.071428571
rs1550253	14	13	1	0	0.928571429	0.071428571	0	0.071428571
rs4053606	14	13	1	0	0.928571429	0.071428571	0	0.071428571
rs16866828	14	13	1	0	0.928571429	0.071428571	0	0.071428571
rs6919937	14	13	1	0	0.928571429	0.071428571	0	0.071428571
rs7307862	14	13	1	0	0.928571429	0.071428571	0	0.071428571
rs11066119	14	13	1	0	0.928571429	0.071428571	0	0.071428571
rs2193836	14	13	1	0	0.928571429	0.071428571	0	0.071428571
rs16866835	14	13	1	0	0.928571429	0.071428571	0	0.071428571
rs868368	14	13	1	0	0.928571429	0.071428571	0	0.071428571
rs9600191	14	13	1	0	0.928571429	0.071428571	0	0.071428571
rs12423352	14	13	1	0	0.928571429	0.071428571	0	0.071428571
rs7960775	14	13	1	0	0.928571429	0.071428571	0	0.071428571
rs36077344	14	13	1	0	0.928571429	0.071428571	0	0.071428571
rs946465	14	13	1	0	0.928571429	0.071428571	0	0.071428571
rs1416612	14	13	1	0	0.928571429	0.071428571	0	0.071428571
rs1005380	14	13	1	0	0.928571429	0.071428571	0	0.071428571
rs8065649	14	13	1	0	0.928571429	0.071428571	0	0.071428571
rs4426040	14	13	1	0	0.928571429	0.071428571	0	0.071428571
rs2211118	14	13	1	0	0.928571429	0.071428571	0	0.071428571
rs2789718	14	13	1	0	0.928571429	0.071428571	0	0.071428571
rs10495034	14	13	1	0	0.928571429	0.071428571	0	0.071428571
rs17629008	14	13	1	0	0.928571429	0.071428571	0	0.071428571
rs1361332	14	13	1	0	0.928571429	0.071428571	0	0.071428571
rs11572638	14	13	1	0	0.928571429	0.071428571	0	0.071428571
rs2813694	14	13	1	0	0.928571429	0.071428571	0	0.071428571
rs9970445	14	13	1	0	0.928571429	0.071428571	0	0.071428571
rs7522593	14	13	1	0	0.928571429	0.071428571	0	0.071428571
rs12552611	14	13	1	0	0.928571429	0.071428571	0	0.071428571
rs12089054	14	13	1	0	0.928571429	0.071428571	0	0.071428571
rs7979713	14	13	1	0	0.928571429	0.071428571	0	0.071428571
rs11762823	14	13	1	0	0.928571429	0.071428571	0	0.071428571
rs17213362	14	13	1	0	0.928571429	0.071428571	0	0.071428571
rs10429540	14	13	1	0	0.928571429	0.071428571	0	0.071428571
rs11999144	14	13	1	0	0.928571429	0.071428571	0	0.071428571
rs2382468	14	13	1	0	0.928571429	0.071428571	0	0.071428571
rs471088	14	13	1	0	0.928571429	0.071428571	0	0.071428571
rs4807453	14	13	1	0	0.928571429	0.071428571	0	0.071428571
rs10424563	14	13	1	0	0.928571429	0.071428571	0	0.071428571
rs9651260	14	13	1	0	0.928571429	0.071428571	0	0.071428571
rs10482704	14	13	1	0	0.928571429	0.071428571	0	0.071428571
rs6694260	14	13	1	0	0.928571429	0.071428571	0	0.071428571
rs4253782	14	13	1	0	0.928571429	0.071428571	0	0.071428571
rs1566224	14	13	1	0	0.928571429	0.071428571	0	0.071428571
rs917400	14	13	1	0	0.928571429	0.071428571	0	0.071428571
rs6942833	14	13	1	0	0.928571429	0.071428571	0	0.071428571
rs6946515	14	13	1	0	0.928571429	0.071428571	0	0.071428571
rs2074937	14	13	1	0	0.928571429	0.071428571	0	0.071428571
rs12533451	14	13	1	0	0.928571429	0.071428571	0	0.071428571
rs4551241	14	13	1	0	0.928571429	0.071428571	0	0.071428571
rs11572795	14	13	1	0	0.928571429	0.071428571	0	0.071428571
rs10218498	14	13	1	0	0.928571429	0.071428571	0	0.071428571
rs2813676	14	13	1	0	0.928571429	0.071428571	0	0.071428571
rs9660947	14	13	1	0	0.928571429	0.071428571	0	0.071428571
rs7800918	14	13	1	0	0.928571429	0.071428571	0	0.071428571
rs2289681	14	13	1	0	0.928571429	0.071428571	0	0.071428571
rs10482623	14	13	1	0	0.928571429	0.071428571	0	0.071428571
rs10278571	14	13	1	0	0.928571429	0.071428571	0	0.071428571
rs3823706	14	13	1	0	0.928571429	0.071428571	0	0.071428571
rs3800232	14	13	1	0	0.928571429	0.071428571	0	0.071428571
rs3800230	14	13	1	0	0.928571429	0.071428571	0	0.071428571
rs12196996	14	13	1	0	0.928571429	0.071428571	0	0.071428571
rs10085783	14	13	1	0	0.928571429	0.071428571	0	0.071428571
rs12203834	14	13	1	0	0.928571429	0.071428571	0	0.071428571
rs11554620	14	13	1	0	0.928571429	0.071428571	0	0.071428571
rs13360865	14	13	1	0	0.928571429	0.071428571	0	0.071428571
rs2301865	14	13	1	0	0.928571429	0.071428571	0	0.071428571
rs2240246	14	13	1	0	0.928571429	0.071428571	0	0.071428571
rs2240256	14	13	1	0	0.928571429	0.071428571	0	0.071428571
rs7185697	14	13	1	0	0.928571429	0.071428571	0	0.071428571
rs10482653	14	13	1	0	0.928571429	0.071428571	0	0.071428571
rs1736219	14	13	1	0	0.928571429	0.071428571	0	0.071428571
rs17598747	14	13	1	0	0.928571429	0.071428571	0	0.071428571
rs4253662	14	13	1	0	0.928571429	0.071428571	0	0.071428571
rs3801091	14	13	1	0	0.928571429	0.071428571	0	0.071428571
rs6972049	14	13	1	0	0.928571429	0.071428571	0	0.071428571
rs3795704	14	13	1	0	0.928571429	0.071428571	0	0.071428571
rs1436883	14	13	1	0	0.928571429	0.071428571	0	0.071428571
rs1436879	14	13	1	0	0.928571429	0.071428571	0	0.071428571
rs662702	14	13	1	0	0.928571429	0.071428571	0	0.071428571
rs17403188	14	13	1	0	0.928571429	0.071428571	0	0.071428571
rs1549773	14	13	1	0	0.928571429	0.071428571	0	0.071428571
rs16939769	14	13	1	0	0.928571429	0.071428571	0	0.071428571
rs16961564	14	13	1	0	0.928571429	0.071428571	0	0.071428571
rs2189885	14	13	1	0	0.928571429	0.071428571	0	0.071428571
rs9905836	14	13	1	0	0.928571429	0.071428571	0	0.071428571
rs17045075	14	13	1	0	0.928571429	0.071428571	0	0.071428571
rs6825048	14	13	1	0	0.928571429	0.071428571	0	0.071428571
rs4846399	14	13	1	0	0.928571429	0.071428571	0	0.071428571
rs4846809	14	13	1	0	0.928571429	0.071428571	0	0.071428571
rs10519942	14	13	1	0	0.928571429	0.071428571	0	0.071428571
rs17024437	14	13	1	0	0.928571429	0.071428571	0	0.071428571
rs10482683	14	13	1	0	0.928571429	0.071428571	0	0.071428571
rs11587946	14	13	1	0	0.928571429	0.071428571	0	0.071428571
rs2289912	14	13	1	0	0.928571429	0.071428571	0	0.071428571
rs3798758	14	13	1	0	0.928571429	0.071428571	0	0.071428571
rs2982900	14	13	1	0	0.928571429	0.071428571	0	0.071428571
rs9340978	14	13	1	0	0.928571429	0.071428571	0	0.071428571
rs1465057	14	13	1	0	0.928571429	0.071428571	0	0.071428571
rs2229774	14	13	1	0	0.928571429	0.071428571	0	0.071428571
rs3741434	14	13	1	0	0.928571429	0.071428571	0	0.071428571
rs1058378	14	13	1	0	0.928571429	0.071428571	0	0.071428571
rs7634326	14	13	1	0	0.928571429	0.071428571	0	0.071428571
rs17526942	14	13	1	0	0.928571429	0.071428571	0	0.071428571
rs1286729	14	13	1	0	0.928571429	0.071428571	0	0.071428571
rs4681027	14	13	1	0	0.928571429	0.071428571	0	0.071428571
rs941138	14	13	1	0	0.928571429	0.071428571	0	0.071428571
rs1153594	14	13	1	0	0.928571429	0.071428571	0	0.071428571
rs1529672	14	13	1	0	0.928571429	0.071428571	0	0.071428571
rs957950	14	13	1	0	0.928571429	0.071428571	0	0.071428571
rs11688048	14	13	1	0	0.928571429	0.071428571	0	0.071428571
rs9894845	14	13	1	0	0.928571429	0.071428571	0	0.071428571
rs995647	14	13	1	0	0.928571429	0.071428571	0	0.071428571
rs9904270	14	13	1	0	0.928571429	0.071428571	0	0.071428571
rs9573305	14	13	1	0	0.928571429	0.071428571	0	0.071428571
rs7561414	14	13	1	0	0.928571429	0.071428571	0	0.071428571
rs7650313	14	13	1	0	0.928571429	0.071428571	0	0.071428571
rs2119120	14	13	1	0	0.928571429	0.071428571	0	0.071428571
rs11170486	14	13	1	0	0.928571429	0.071428571	0	0.071428571
rs1713985	14	13	1	0	0.928571429	0.071428571	0	0.071428571
rs6463513	14	13	1	0	0.928571429	0.071428571	0	0.071428571
rs17288193	14	13	1	0	0.928571429	0.071428571	0	0.071428571
rs4724718	14	13	1	0	0.928571429	0.071428571	0	0.071428571
rs9600189	14	13	1	0	0.928571429	0.071428571	0	0.071428571
rs2906721	14	13	1	0	0.928571429	0.071428571	0	0.071428571
rs3801012	14	13	1	0	0.928571429	0.071428571	0	0.071428571
rs2970463	14	13	1	0	0.928571429	0.071428571	0	0.071428571
rs202161	14	13	1	0	0.928571429	0.071428571	0	0.071428571
rs10082919	14	13	1	0	0.928571429	0.071428571	0	0.071428571
rs852397	14	13	1	0	0.928571429	0.071428571	0	0.071428571
rs4415230	14	13	1	0	0.928571429	0.071428571	0	0.071428571
rs6971289	14	13	1	0	0.928571429	0.071428571	0	0.071428571
rs12112504	14	13	1	0	0.928571429	0.071428571	0	0.071428571
rs409419	14	13	1	0	0.928571429	0.071428571	0	0.071428571
rs852441	14	13	1	0	0.928571429	0.071428571	0	0.071428571
rs17135072	14	13	1	0	0.928571429	0.071428571	0	0.071428571
rs17061643	14	13	1	0	0.928571429	0.071428571	0	0.071428571
rs10217748	14	13	1	0	0.928571429	0.071428571	0	0.071428571
rs10246310	14	13	1	0	0.928571429	0.071428571	0	0.071428571
rs10504398	14	13	1	0	0.928571429	0.071428571	0	0.071428571
rs2328488	14	13	1	0	0.928571429	0.071428571	0	0.071428571
rs7330031	14	13	1	0	0.928571429	0.071428571	0	0.071428571
rs3924523	14	13	1	0	0.928571429	0.071428571	0	0.071428571
rs6716622	14	13	1	0	0.928571429	0.071428571	0	0.071428571
rs7579246	14	13	1	0	0.928571429	0.071428571	0	0.071428571
rs3924535	14	13	1	0	0.928571429	0.071428571	0	0.071428571
rs11899394	14	13	1	0	0.928571429	0.071428571	0	0.071428571
rs3213438	14	13	1	0	0.928571429	0.071428571	0	0.071428571
rs4936958	14	13	1	0	0.928571429	0.071428571	0	0.071428571
rs10810102	14	13	1	0	0.928571429	0.071428571	0	0.071428571
rs6707046	14	13	1	0	0.928571429	0.071428571	0	0.071428571
rs7048086	14	13	1	0	0.928571429	0.071428571	0	0.071428571
rs6676433	14	13	1	0	0.928571429	0.071428571	0	0.071428571
rs4253698	14	13	1	0	0.928571429	0.071428571	0	0.071428571
rs10124289	14	13	1	0	0.928571429	0.071428571	0	0.071428571
rs728524	14	13	1	0	0.928571429	0.071428571	0	0.071428571
rs9371236	14	13	1	0	0.928571429	0.071428571	0	0.071428571
rs9340941	14	13	1	0	0.928571429	0.071428571	0	0.071428571
rs12685327	14	13	1	0	0.928571429	0.071428571	0	0.071428571
rs9340958	14	13	1	0	0.928571429	0.071428571	0	0.071428571
rs10435726	14	13	1	0	0.928571429	0.071428571	0	0.071428571
rs9465742	14	13	1	0	0.928571429	0.071428571	0	0.071428571
rs6747706	14	13	1	0	0.928571429	0.071428571	0	0.071428571
rs1061258	14	13	1	0	0.928571429	0.071428571	0	0.071428571
rs4134989	14	13	1	0	0.928571429	0.071428571	0	0.071428571
rs7984021	14	13	1	0	0.928571429	0.071428571	0	0.071428571
rs9573287	14	13	1	0	0.928571429	0.071428571	0	0.071428571
rs3764133	14	13	1	0	0.928571429	0.071428571	0	0.071428571
rs2076546	14	13	1	0	0.928571429	0.071428571	0	0.071428571
rs286913	14	13	1	0	0.928571429	0.071428571	0	0.071428571
rs3794155	14	13	1	0	0.928571429	0.071428571	0	0.071428571
rs9804460	14	13	1	0	0.928571429	0.071428571	0	0.071428571
rs3896679	14	13	1	0	0.928571429	0.071428571	0	0.071428571
rs1073093	14	13	1	0	0.928571429	0.071428571	0	0.071428571
rs9592937	14	13	1	0	0.928571429	0.071428571	0	0.071428571
rs16959544	14	13	1	0	0.928571429	0.071428571	0	0.071428571
rs2302901	14	13	1	0	0.928571429	0.071428571	0	0.071428571
rs12547834	14	13	1	0	0.928571429	0.071428571	0	0.071428571
rs12060034	14	13	1	0	0.928571429	0.071428571	0	0.071428571
rs13402503	14	13	1	0	0.928571429	0.071428571	0	0.071428571
rs6751933	14	13	1	0	0.928571429	0.071428571	0	0.071428571
rs12195741	14	13	1	0	0.928571429	0.071428571	0	0.071428571
rs4792723	14	13	1	0	0.928571429	0.071428571	0	0.071428571
rs17044007	14	13	1	0	0.928571429	0.071428571	0	0.071428571