patient	snp_id	category
M0110	rs9458136	unique
M0110	rs1807426	unique
M0110	rs10945718	unique
M0110	rs3823058	unique
M0110	rs3811465	unique
M0110	rs4240934	unique
M0110	rs2267968	unique
M0110	rs11064276	unique
M0110	rs34837	unique
M0110	rs202161	unique
M0110	rs9340958	unique
M0110	rs9340978	unique
M0110	rs2982900	unique
M0110	rs3823706	unique
M0110	rs9573287	unique
M0110	rs7984021	unique
M0110	rs7330031	unique
M0110	rs1073093	unique
M0110	rs4792723	unique
M0110	rs16959544	unique
M0110	rs471088	unique
M0110	rs8065649	unique
M0110	rs1005380	unique
M0110	rs36077344	unique
M0110	rs4253782	unique
M0110	rs9894845	unique
M0110	rs484524	unique
M0110	rs881835	unique
M0110	rs7801123	unique
M0110	rs12302686	rare_shared
M0110	rs10849968	rare_shared
M0110	rs9915181	rare_shared
M0110	rs3798920	rare_shared
M0110	rs3778228	rare_shared
M0110	rs292251	rare_shared
M0110	rs4706353	rare_shared
M0110	rs206916	rare_shared
M0110	rs175722	rare_shared
M0110	rs1057510	rare_shared
M0110	rs1734729	rare_shared
M0110	rs8080379	rare_shared
M0110	rs11964747	rare_shared
M0110	rs9340944	rare_shared
M0110	rs3020368	rare_shared
M0110	rs7553212	rare_shared
M0110	rs6701062	rare_shared
M0110	rs17669622	rare_shared
M0110	rs10218694	rare_shared
M0110	rs7544758	rare_shared
M0110	rs7553463	rare_shared
M0110	rs1414529	rare_shared
M0110	rs1414530	rare_shared
M0110	rs4846641	rare_shared
M0110	rs2066108	rare_shared
M0110	rs10779279	rare_shared
M0110	rs6677596	rare_shared
M0110	rs7417600	rare_shared
M0110	rs2576213	rare_shared
M0110	rs6427351	rare_shared
M0110	rs7001675	rare_shared
M0110	rs654723	rare_shared
M0110	rs11221443	rare_shared
M0110	rs595585	rare_shared
M0110	rs3016776	rare_shared
M0110	rs11221452	rare_shared
M0110	rs579355	rare_shared
M0110	rs9929836	rare_shared
M0110	rs879800	rare_shared
M0110	rs9565053	rare_shared
M0110	rs9530253	rare_shared
M0110	rs8031093	rare_shared
M0110	rs9573096	rare_shared
M0110	rs2244399	rare_shared
M0110	rs7761614	rare_shared
M0110	rs2179537	rare_shared
M0110	rs11756272	rare_shared
M0110	rs12523684	rare_shared
M0110	rs12055565	rare_shared
M0110	rs17057302	rare_shared
M0110	rs929271	rare_shared
M0110	rs4131748	rare_shared
M0110	rs2807837	rare_shared
M0110	rs3890761	rare_shared
M0110	rs12501935	rare_shared
M0110	rs4691940	rare_shared
M0110	rs12505619	rare_shared
M0110	rs4270550	rare_shared
M0110	rs17578295	rare_shared
M0110	rs17578337	rare_shared
M0110	rs7687757	rare_shared
M0110	rs6536779	rare_shared
M0110	rs4692779	rare_shared
M0110	rs4692588	rare_shared
M0110	rs11128143	rare_shared
M0110	rs6786207	rare_shared
M0110	rs7874591	rare_shared
M0110	rs3857080	rare_shared
M0110	rs6436309	rare_shared
M0110	rs10227915	rare_shared
M0110	rs12533673	rare_shared
M0110	rs4253721	rare_shared
M0110	rs7577664	rare_shared
M0110	rs10201978	rare_shared
M0110	rs4953276	rare_shared
M0110	rs10179520	rare_shared
M0110	rs13011605	rare_shared
M0110	rs6755308	rare_shared
M0110	rs10167883	rare_shared
M0110	rs13024806	rare_shared
M0110	rs6751805	rare_shared
M0110	rs2345955	rare_shared
M0110	rs10167555	rare_shared
M0110	rs3820729	rare_shared
M0110	rs7601785	rare_shared
M0110	rs281472	rare_shared
M0110	rs482284	rare_shared
M0110	rs2364120	rare_shared
M0110	rs1286661	rare_shared
M0110	rs1435703	rare_shared
M0110	rs6805350	rare_shared
M0110	rs7615754	rare_shared
M0110	rs1865613	rare_shared
M0110	rs17526839	rare_shared
M0110	rs16953584	rare_shared
M0110	rs8028202	rare_shared
M0110	rs16949270	rare_shared
M0110	rs6544836	rare_shared
M0110	rs9851375	rare_shared
M0110	rs139999	rare_shared
M0110	rs9622400	rare_shared
M0110	rs2073653	rare_shared
M0110	rs1044414	rare_shared
M0110	rs2291037	rare_shared
M0110	rs665731	rare_shared
M0110	rs10128580	rare_shared
M0110	rs7779972	rare_shared
M0110	rs12672266	rare_shared
M0110	rs2236423	rare_shared
M0110	rs2236426	rare_shared
M0110	rs9690859	rare_shared
M0110	rs12535022	rare_shared
M0110	rs6467822	rare_shared
M0110	rs9906261	rare_shared
M0119	rs17364363	unique
M0119	rs10217748	unique
M0119	rs4134989	unique
M0119	rs9804460	unique
M0119	rs6694260	unique
M0119	rs1436883	unique
M0119	rs2375630	unique
M0119	rs2375631	unique
M0119	rs1033565	unique
M0119	rs12524602	unique
M0119	rs2430949	unique
M0119	rs17473073	unique
M0119	rs17473171	unique
M0119	rs3792614	unique
M0119	rs28710221	unique
M0119	rs7688298	unique
M0119	rs4502640	unique
M0119	rs12433870	unique
M0119	rs11688048	unique
M0119	rs995647	unique
M0119	rs7561414	unique
M0119	rs2119120	unique
M0119	rs3213438	unique
M0119	rs11669586	unique
M0119	rs11666780	unique
M0119	rs545884	unique
M0119	rs9915181	rare_shared
M0119	rs2314190	rare_shared
M0119	rs1880367	rare_shared
M0119	rs12199314	rare_shared
M0119	rs11122576	rare_shared
M0119	rs9359876	rare_shared
M0119	rs9451298	rare_shared
M0119	rs12661174	rare_shared
M0119	rs16882364	rare_shared
M0119	rs2501718	rare_shared
M0119	rs13267037	rare_shared
M0119	rs17686899	rare_shared
M0119	rs13232623	rare_shared
M0119	rs13238593	rare_shared
M0119	rs2906649	rare_shared
M0119	rs434564	rare_shared
M0119	rs7810922	rare_shared
M0119	rs2031085	rare_shared
M0119	rs10488043	rare_shared
M0119	rs10982218	rare_shared
M0119	rs2567599	rare_shared
M0119	rs3730397	rare_shared
M0119	rs3730403	rare_shared
M0119	rs11700	rare_shared
M0119	rs968251	rare_shared
M0119	rs286899	rare_shared
M0119	rs286887	rare_shared
M0119	rs926777	rare_shared
M0119	rs2982684	rare_shared
M0119	rs6932864	rare_shared
M0119	rs2273206	rare_shared
M0119	rs2273207	rare_shared
M0119	rs3778082	rare_shared
M0119	rs12058696	rare_shared
M0119	rs11577585	rare_shared
M0119	rs2047429	rare_shared
M0119	rs4846641	rare_shared
M0119	rs10903338	rare_shared
M0119	rs686247	rare_shared
M0119	rs2494366	rare_shared
M0119	rs1536057	rare_shared
M0119	rs3813498	rare_shared
M0119	rs9285397	rare_shared
M0119	rs8076629	rare_shared
M0119	rs1348325	rare_shared
M0119	rs465500	rare_shared
M0119	rs11024603	rare_shared
M0119	rs630792	rare_shared
M0119	rs471942	rare_shared
M0119	rs623813	rare_shared
M0119	rs9318240	rare_shared
M0119	rs1408676	rare_shared
M0119	rs4885145	rare_shared
M0119	rs2147627	rare_shared
M0119	rs17220111	rare_shared
M0119	rs7322834	rare_shared
M0119	rs7334403	rare_shared
M0119	rs8031093	rare_shared
M0119	rs982124	rare_shared
M0119	rs7762923	rare_shared
M0119	rs2179537	rare_shared
M0119	rs11756272	rare_shared
M0119	rs12523684	rare_shared
M0119	rs929271	rare_shared
M0119	rs715605	rare_shared
M0119	rs17473108	rare_shared
M0119	rs950565	rare_shared
M0119	rs3890761	rare_shared
M0119	rs12501935	rare_shared
M0119	rs4691940	rare_shared
M0119	rs4449375	rare_shared
M0119	rs12505619	rare_shared
M0119	rs4270550	rare_shared
M0119	rs17578295	rare_shared
M0119	rs4560357	rare_shared
M0119	rs10026455	rare_shared
M0119	rs6536780	rare_shared
M0119	rs891577	rare_shared
M0119	rs1430987	rare_shared
M0119	rs4691956	rare_shared
M0119	rs7691235	rare_shared
M0119	rs1430976	rare_shared
M0119	rs4561891	rare_shared
M0119	rs6829588	rare_shared
M0119	rs11154794	rare_shared
M0119	rs6094723	rare_shared
M0119	rs6066408	rare_shared
M0119	rs2230782	rare_shared
M0119	rs16842754	rare_shared
M0119	rs2382437	rare_shared
M0119	rs7031735	rare_shared
M0119	rs723968	rare_shared
M0119	rs7044402	rare_shared
M0119	rs16931436	rare_shared
M0119	rs7874591	rare_shared
M0119	rs2302219	rare_shared
M0119	rs13142954	rare_shared
M0119	rs17024456	rare_shared
M0119	rs3846302	rare_shared
M0119	rs1430657	rare_shared
M0119	rs13405641	rare_shared
M0119	rs16951239	rare_shared
M0119	rs3785653	rare_shared
M0119	rs3785646	rare_shared
M0119	rs1534415	rare_shared
M0119	rs12535553	rare_shared
M0119	rs17171532	rare_shared
M0119	rs4472423	rare_shared
M0119	rs12534084	rare_shared
M0119	rs12531437	rare_shared
M0119	rs4574755	rare_shared
M0119	rs4404830	rare_shared
M0119	rs6462901	rare_shared
M0119	rs12330015	rare_shared
M0119	rs666214	rare_shared
M0119	rs556650	rare_shared
M0119	rs2595192	rare_shared
M0119	rs921183	rare_shared
M0119	rs17016718	rare_shared
M0119	rs17016738	rare_shared
M0119	rs17016773	rare_shared
M0119	rs1465058	rare_shared
M0119	rs10082776	rare_shared
M0119	rs7780518	rare_shared
M0119	rs3807583	rare_shared
M0119	rs30453	rare_shared
M0119	rs685125	rare_shared
M0119	rs36264	rare_shared
M0119	rs36270	rare_shared
M0119	rs10058567	rare_shared
M0119	rs7593154	rare_shared
M0119	rs6738398	rare_shared
M0119	rs11884064	rare_shared
M0119	rs9824061	rare_shared
M0119	rs16864811	rare_shared
M0119	rs2037128	rare_shared
M0119	rs7616437	rare_shared
M0119	rs9622400	rare_shared
M0119	rs1044414	rare_shared
M0119	rs2291037	rare_shared
M0119	rs17116453	rare_shared
M0119	rs12293744	rare_shared
M0119	rs511571	rare_shared
M0119	rs660800	rare_shared
M0119	rs620095	rare_shared
M0119	rs12273315	rare_shared
M0119	rs3781998	rare_shared
M0119	rs9906261	rare_shared
M0119	rs16959888	rare_shared
M0150	rs11568020	unique
M0150	rs11064271	unique
M0150	rs6948022	unique
M0150	rs9465742	unique
M0150	rs2240246	unique
M0150	rs7185697	unique
M0150	rs17598747	unique
M0150	rs12203834	unique
M0150	rs12196996	unique
M0150	rs3800230	unique
M0150	rs3800232	unique
M0150	rs3924535	unique
M0150	rs1003392	unique
M0150	rs10810102	unique
M0150	rs7048086	unique
M0150	rs11999144	unique
M0150	rs1529672	unique
M0150	rs1153594	unique
M0150	rs12913356	unique
M0150	rs4728461	unique
M0150	rs4732354	unique
M0150	rs4732356	unique
M0150	rs9915181	rare_shared
M0150	rs2314190	rare_shared
M0150	rs1880367	rare_shared
M0150	rs12199314	rare_shared
M0150	rs7123257	rare_shared
M0150	rs10741615	rare_shared
M0150	rs1562437	rare_shared
M0150	rs12213272	rare_shared
M0150	rs12208074	rare_shared
M0150	rs10806414	rare_shared
M0150	rs12205059	rare_shared
M0150	rs13267037	rare_shared
M0150	rs1057510	rare_shared
M0150	rs1677499	rare_shared
M0150	rs6948572	rare_shared
M0150	rs10260498	rare_shared
M0150	rs10270083	rare_shared
M0150	rs16833535	rare_shared
M0150	rs10934619	rare_shared
M0150	rs16833588	rare_shared
M0150	rs7760528	rare_shared
M0150	rs9295468	rare_shared
M0150	rs6938550	rare_shared
M0150	rs4712500	rare_shared
M0150	rs11964747	rare_shared
M0150	rs10218694	rare_shared
M0150	rs7544758	rare_shared
M0150	rs7553463	rare_shared
M0150	rs1414529	rare_shared
M0150	rs1414530	rare_shared
M0150	rs12760372	rare_shared
M0150	rs12753723	rare_shared
M0150	rs11572547	rare_shared
M0150	rs17044239	rare_shared
M0150	rs11117762	rare_shared
M0150	rs12033461	rare_shared
M0150	rs12040162	rare_shared
M0150	rs10495041	rare_shared
M0150	rs4234588	rare_shared
M0150	rs2240252	rare_shared
M0150	rs7001675	rare_shared
M0150	rs2268597	rare_shared
M0150	rs2268598	rare_shared
M0150	rs2268604	rare_shared
M0150	rs7936133	rare_shared
M0150	rs7951996	rare_shared
M0150	rs1536057	rare_shared
M0150	rs9929836	rare_shared
M0150	rs35005436	rare_shared
M0150	rs8076629	rare_shared
M0150	rs1348325	rare_shared
M0150	rs630792	rare_shared
M0150	rs471942	rare_shared
M0150	rs623813	rare_shared
M0150	rs879800	rare_shared
M0150	rs9565053	rare_shared
M0150	rs4885145	rare_shared
M0150	rs2147627	rare_shared
M0150	rs17220111	rare_shared
M0150	rs7322834	rare_shared
M0150	rs4885065	rare_shared
M0150	rs2287505	rare_shared
M0150	rs1269416	rare_shared
M0150	rs2244923	rare_shared
M0150	rs12466923	rare_shared
M0150	rs4444637	rare_shared
M0150	rs34286592	rare_shared
M0150	rs4792717	rare_shared
M0150	rs2285583	rare_shared
M0150	rs3785628	rare_shared
M0150	rs4566208	rare_shared
M0150	rs1033837	rare_shared
M0150	rs6474827	rare_shared
M0150	rs7040685	rare_shared
M0150	rs10961483	rare_shared
M0150	rs4741365	rare_shared
M0150	rs509609	rare_shared
M0150	rs11670339	rare_shared
M0150	rs4806928	rare_shared
M0150	rs6683452	rare_shared
M0150	rs713619	rare_shared
M0150	rs12995399	rare_shared
M0150	rs11761423	rare_shared
M0150	rs17171546	rare_shared
M0150	rs4524676	rare_shared
M0150	rs17619856	rare_shared
M0150	rs4253701	rare_shared
M0150	rs12330015	rare_shared
M0150	rs6743144	rare_shared
M0150	rs13011605	rare_shared
M0150	rs7604415	rare_shared
M0150	rs1286664	rare_shared
M0150	rs1153596	rare_shared
M0150	rs7616062	rare_shared
M0150	rs1286771	rare_shared
M0150	rs2164360	rare_shared
M0150	rs9547679	rare_shared
M0150	rs7039190	rare_shared
M0150	rs12451254	rare_shared
M0150	rs6890275	rare_shared
M0150	rs13188069	rare_shared
M0150	rs17109268	rare_shared
M0150	rs16953584	rare_shared
M0150	rs1199881	rare_shared
M0150	rs1047640	rare_shared
M0150	rs7795411	rare_shared
M0150	rs17144460	rare_shared
M0150	rs2282896	rare_shared
M0150	rs8072785	rare_shared
M0150	rs2037128	rare_shared
M0150	rs7616437	rare_shared
M0150	rs13326685	rare_shared
M0150	rs12293744	rare_shared
M0150	rs620095	rare_shared
M0150	rs7779972	rare_shared
M0150	rs12672266	rare_shared
M0150	rs2236423	rare_shared
M0150	rs2236426	rare_shared
M0150	rs8013446	rare_shared
M0150	rs8070859	rare_shared
M0175	rs6908310	unique
M0175	rs6919937	unique
M0175	rs2165498	unique
M0175	rs10246310	unique
M0175	rs17135072	unique
M0175	rs12195741	unique
M0175	rs17045075	unique
M0175	rs10085783	unique
M0175	rs9387043	unique
M0175	rs9374329	unique
M0175	rs919574	unique
M0175	rs982257	unique
M0175	rs1540583	unique
M0175	rs10435726	unique
M0175	rs7979713	unique
M0175	rs10482683	unique
M0175	rs10482653	unique
M0175	rs10482623	unique
M0175	rs12423352	unique
M0175	rs6716622	unique
M0175	rs4681027	unique
M0175	rs868368	unique
M0175	rs1058378	unique
M0175	rs16950210	unique
M0175	rs9871604	unique
M0175	rs6790791	unique
M0175	rs3773926	unique
M0175	rs10488695	unique
M0175	rs10849926	rare_shared
M0175	rs746731	rare_shared
M0175	rs7769321	rare_shared
M0175	rs11022783	rare_shared
M0175	rs2289577	rare_shared
M0175	rs12525504	rare_shared
M0175	rs12661174	rare_shared
M0175	rs16882364	rare_shared
M0175	rs9362711	rare_shared
M0175	rs2501718	rare_shared
M0175	rs175722	rare_shared
M0175	rs2080254	rare_shared
M0175	rs7147148	rare_shared
M0175	rs10260498	rare_shared
M0175	rs17686899	rare_shared
M0175	rs16869529	rare_shared
M0175	rs411030	rare_shared
M0175	rs392606	rare_shared
M0175	rs725340	rare_shared
M0175	rs16833535	rare_shared
M0175	rs10934619	rare_shared
M0175	rs16833588	rare_shared
M0175	rs7760528	rare_shared
M0175	rs3730397	rare_shared
M0175	rs3730403	rare_shared
M0175	rs11700	rare_shared
M0175	rs4233964	rare_shared
M0175	rs17358295	rare_shared
M0175	rs722527	rare_shared
M0175	rs10735341	rare_shared
M0175	rs985191	rare_shared
M0175	rs9397463	rare_shared
M0175	rs2982684	rare_shared
M0175	rs6932864	rare_shared
M0175	rs2273206	rare_shared
M0175	rs2273207	rare_shared
M0175	rs3778082	rare_shared
M0175	rs17668665	rare_shared
M0175	rs7520795	rare_shared
M0175	rs2066108	rare_shared
M0175	rs6658214	rare_shared
M0175	rs7355008	rare_shared
M0175	rs2576203	rare_shared
M0175	rs1898312	rare_shared
M0175	rs6677596	rare_shared
M0175	rs7548082	rare_shared
M0175	rs11572495	rare_shared
M0175	rs10492958	rare_shared
M0175	rs6680670	rare_shared
M0175	rs12699566	rare_shared
M0175	rs2246290	rare_shared
M0175	rs1141390	rare_shared
M0175	rs9530253	rare_shared
M0175	rs4450274	rare_shared
M0175	rs7333855	rare_shared
M0175	rs7332649	rare_shared
M0175	rs1886514	rare_shared
M0175	rs1886516	rare_shared
M0175	rs9838915	rare_shared
M0175	rs12428414	rare_shared
M0175	rs2287505	rare_shared
M0175	rs2287504	rare_shared
M0175	rs1269416	rare_shared
M0175	rs2244923	rare_shared
M0175	rs7034715	rare_shared
M0175	rs10800877	rare_shared
M0175	rs10800880	rare_shared
M0175	rs12055565	rare_shared
M0175	rs12065908	rare_shared
M0175	rs17473108	rare_shared
M0175	rs891577	rare_shared
M0175	rs1430987	rare_shared
M0175	rs971945	rare_shared
M0175	rs2321210	rare_shared
M0175	rs4691956	rare_shared
M0175	rs7691235	rare_shared
M0175	rs1430976	rare_shared
M0175	rs7668234	rare_shared
M0175	rs2321373	rare_shared
M0175	rs4561891	rare_shared
M0175	rs4496540	rare_shared
M0175	rs10222965	rare_shared
M0175	rs17055385	rare_shared
M0175	rs1133195	rare_shared
M0175	rs11154794	rare_shared
M0175	rs1033837	rare_shared
M0175	rs6474827	rare_shared
M0175	rs7021322	rare_shared
M0175	rs10810130	rare_shared
M0175	rs17213755	rare_shared
M0175	rs2273933	rare_shared
M0175	rs7040685	rare_shared
M0175	rs10961483	rare_shared
M0175	rs12064822	rare_shared
M0175	rs12062953	rare_shared
M0175	rs7516611	rare_shared
M0175	rs10482672	rare_shared
M0175	rs17100236	rare_shared
M0175	rs10482616	rare_shared
M0175	rs3846313	rare_shared
M0175	rs10012553	rare_shared
M0175	rs17484678	rare_shared
M0175	rs17581884	rare_shared
M0175	rs16989519	rare_shared
M0175	rs707542	rare_shared
M0175	rs11761423	rare_shared
M0175	rs17712867	rare_shared
M0175	rs4253721	rare_shared
M0175	rs4953277	rare_shared
M0175	rs14138	rare_shared
M0175	rs2364120	rare_shared
M0175	rs1286661	rare_shared
M0175	rs1435703	rare_shared
M0175	rs6805350	rare_shared
M0175	rs7615754	rare_shared
M0175	rs1865613	rare_shared
M0175	rs17526839	rare_shared
M0175	rs4081949	rare_shared
M0175	rs4681028	rare_shared
M0175	rs6782425	rare_shared
M0175	rs17173608	rare_shared
M0175	rs9547679	rare_shared
M0175	rs2214565	rare_shared
M0175	rs17186485	rare_shared
M0175	rs7351039	rare_shared
M0175	rs1199881	rare_shared
M0175	rs7795411	rare_shared
M0175	rs17144460	rare_shared
M0175	rs2282896	rare_shared
M0175	rs12453256	rare_shared
M0175	rs2073653	rare_shared
M0175	rs895331	rare_shared
M0175	rs17133444	rare_shared
M0175	rs17133451	rare_shared
M0262	rs1125640	unique
M0262	rs6690342	unique
M0262	rs9592937	unique
M0262	rs17288193	unique
M0262	rs17288893	unique
M0262	rs7766446	unique
M0262	rs9481207	unique
M0262	rs2294763	unique
M0262	rs7686154	unique
M0262	rs10504398	unique
M0262	rs17024437	unique
M0262	rs10519942	unique
M0262	rs3741434	unique
M0262	rs7048602	unique
M0262	rs549427	unique
M0262	rs3814777	unique
M0262	rs11170457	unique
M0262	rs12819299	unique
M0262	rs3742027	rare_shared
M0262	rs729986	rare_shared
M0262	rs746731	rare_shared
M0262	rs7769321	rare_shared
M0262	rs3757025	rare_shared
M0262	rs9458173	rare_shared
M0262	rs12662114	rare_shared
M0262	rs3798955	rare_shared
M0262	rs11122576	rare_shared
M0262	rs1562437	rare_shared
M0262	rs210059	rare_shared
M0262	rs6910129	rare_shared
M0262	rs2080254	rare_shared
M0262	rs7147148	rare_shared
M0262	rs6948572	rare_shared
M0262	rs10260498	rare_shared
M0262	rs7810922	rare_shared
M0262	rs2031085	rare_shared
M0262	rs10488043	rare_shared
M0262	rs1734729	rare_shared
M0262	rs1535960	rare_shared
M0262	rs12551529	rare_shared
M0262	rs16833535	rare_shared
M0262	rs10934619	rare_shared
M0262	rs16833588	rare_shared
M0262	rs4712500	rare_shared
M0262	rs286899	rare_shared
M0262	rs286887	rare_shared
M0262	rs11964281	rare_shared
M0262	rs11155813	rare_shared
M0262	rs7761133	rare_shared
M0262	rs17668665	rare_shared
M0262	rs7520795	rare_shared
M0262	rs12760372	rare_shared
M0262	rs12753723	rare_shared
M0262	rs17044062	rare_shared
M0262	rs1561182	rare_shared
M0262	rs11572547	rare_shared
M0262	rs2576203	rare_shared
M0262	rs1898312	rare_shared
M0262	rs12699566	rare_shared
M0262	rs4234588	rare_shared
M0262	rs12638263	rare_shared
M0262	rs10937240	rare_shared
M0262	rs6444106	rare_shared
M0262	rs10903338	rare_shared
M0262	rs686605	rare_shared
M0262	rs11221443	rare_shared
M0262	rs11221452	rare_shared
M0262	rs579355	rare_shared
M0262	rs1566584	rare_shared
M0262	rs12941832	rare_shared
M0262	rs8076629	rare_shared
M0262	rs1348325	rare_shared
M0262	rs11024603	rare_shared
M0262	rs4444493	rare_shared
M0262	rs13378861	rare_shared
M0262	rs3782933	rare_shared
M0262	rs17473108	rare_shared
M0262	rs11100509	rare_shared
M0262	rs10029699	rare_shared
M0262	rs6821802	rare_shared
M0262	rs9308066	rare_shared
M0262	rs4449375	rare_shared
M0262	rs17578337	rare_shared
M0262	rs10026455	rare_shared
M0262	rs13123163	rare_shared
M0262	rs7668234	rare_shared
M0262	rs2321373	rare_shared
M0262	rs4561891	rare_shared
M0262	rs4496540	rare_shared
M0262	rs10222965	rare_shared
M0262	rs6829588	rare_shared
M0262	rs8181931	rare_shared
M0262	rs7152879	rare_shared
M0262	rs16842754	rare_shared
M0262	rs2382437	rare_shared
M0262	rs7031735	rare_shared
M0262	rs723968	rare_shared
M0262	rs7044402	rare_shared
M0262	rs10961436	rare_shared
M0262	rs7027899	rare_shared
M0262	rs877569	rare_shared
M0262	rs7309185	rare_shared
M0262	rs13142954	rare_shared
M0262	rs17024404	rare_shared
M0262	rs17024631	rare_shared
M0262	rs11725509	rare_shared
M0262	rs17779879	rare_shared
M0262	rs16951239	rare_shared
M0262	rs3785653	rare_shared
M0262	rs12535553	rare_shared
M0262	rs17171532	rare_shared
M0262	rs10951595	rare_shared
M0262	rs12701698	rare_shared
M0262	rs4472423	rare_shared
M0262	rs12534084	rare_shared
M0262	rs12531437	rare_shared
M0262	rs645565	rare_shared
M0262	rs4296473	rare_shared
M0262	rs10179520	rare_shared
M0262	rs10189339	rare_shared
M0262	rs4953320	rare_shared
M0262	rs3820729	rare_shared
M0262	rs281472	rare_shared
M0262	rs14138	rare_shared
M0262	rs9284856	rare_shared
M0262	rs12631063	rare_shared
M0262	rs1435705	rare_shared
M0262	rs17525900	rare_shared
M0262	rs7616062	rare_shared
M0262	rs1286771	rare_shared
M0262	rs1286738	rare_shared
M0262	rs11917304	rare_shared
M0262	rs35079168	rare_shared
M0262	rs11103473	rare_shared
M0262	rs10057542	rare_shared
M0262	rs3763022	rare_shared
M0262	rs6875902	rare_shared
M0262	rs36067	rare_shared
M0262	rs36044	rare_shared
M0262	rs4939834	rare_shared
M0262	rs6544836	rare_shared
M0262	rs8082964	rare_shared
M0262	rs11122109	rare_shared
M0262	rs7618742	rare_shared
M0262	rs12630584	rare_shared
M0262	rs7650285	rare_shared
M0262	rs16864811	rare_shared
M0262	rs12159290	rare_shared
M0262	rs2234500	rare_shared
M0262	rs12293744	rare_shared
M0262	rs511571	rare_shared
M0262	rs545638	rare_shared
M0262	rs10985820	rare_shared
M0262	rs9690859	rare_shared
M0262	rs12535022	rare_shared
M0264	rs2284691	unique
M0264	rs4053606	unique
M0264	rs206912	unique
M0264	rs2328488	unique
M0264	rs11587946	unique
M0264	rs10278571	unique
M0264	rs12547834	unique
M0264	rs2076546	unique
M0264	rs10124289	unique
M0264	rs12685327	unique
M0264	rs6751933	unique
M0264	rs13402503	unique
M0264	rs16973789	unique
M0264	rs1515495	unique
M0264	rs9862499	unique
M0264	rs10491106	unique
M0264	rs7224723	unique
M0264	rs729986	rare_shared
M0264	rs3778228	rare_shared
M0264	rs1562437	rare_shared
M0264	rs210059	rare_shared
M0264	rs6910129	rare_shared
M0264	rs9362711	rare_shared
M0264	rs370409	rare_shared
M0264	rs206916	rare_shared
M0264	rs1677499	rare_shared
M0264	rs2906649	rare_shared
M0264	rs434564	rare_shared
M0264	rs7810922	rare_shared
M0264	rs2031085	rare_shared
M0264	rs4727516	rare_shared
M0264	rs6465845	rare_shared
M0264	rs1734729	rare_shared
M0264	rs7760528	rare_shared
M0264	rs17358295	rare_shared
M0264	rs286899	rare_shared
M0264	rs286887	rare_shared
M0264	rs4846641	rare_shared
M0264	rs954276	rare_shared
M0264	rs6671659	rare_shared
M0264	rs2185237	rare_shared
M0264	rs10495041	rare_shared
M0264	rs6427351	rare_shared
M0264	rs12983510	rare_shared
M0264	rs644571	rare_shared
M0264	rs635696	rare_shared
M0264	rs3016776	rare_shared
M0264	rs668575	rare_shared
M0264	rs640060	rare_shared
M0264	rs3889058	rare_shared
M0264	rs675308	rare_shared
M0264	rs686247	rare_shared
M0264	rs2494366	rare_shared
M0264	rs6545031	rare_shared
M0264	rs1141390	rare_shared
M0264	rs8067254	rare_shared
M0264	rs17218496	rare_shared
M0264	rs17062027	rare_shared
M0264	rs17220111	rare_shared
M0264	rs7034715	rare_shared
M0264	rs10800877	rare_shared
M0264	rs10800880	rare_shared
M0264	rs12065908	rare_shared
M0264	rs17649913	rare_shared
M0264	rs2807840	rare_shared
M0264	rs17044895	rare_shared
M0264	rs34286592	rare_shared
M0264	rs4692779	rare_shared
M0264	rs4692588	rare_shared
M0264	rs6122597	rare_shared
M0264	rs10961436	rare_shared
M0264	rs17213755	rare_shared
M0264	rs11670339	rare_shared
M0264	rs12064822	rare_shared
M0264	rs12062953	rare_shared
M0264	rs7516611	rare_shared
M0264	rs17024456	rare_shared
M0264	rs713619	rare_shared
M0264	rs13405641	rare_shared
M0264	rs2856437	rare_shared
M0264	rs17779879	rare_shared
M0264	rs1534415	rare_shared
M0264	rs12216590	rare_shared
M0264	rs11505525	rare_shared
M0264	rs6462901	rare_shared
M0264	rs556650	rare_shared
M0264	rs6746467	rare_shared
M0264	rs10191412	rare_shared
M0264	rs1947195	rare_shared
M0264	rs6715568	rare_shared
M0264	rs10167883	rare_shared
M0264	rs12712970	rare_shared
M0264	rs10865212	rare_shared
M0264	rs1375055	rare_shared
M0264	rs12616328	rare_shared
M0264	rs6724315	rare_shared
M0264	rs2034360	rare_shared
M0264	rs11125055	rare_shared
M0264	rs281477	rare_shared
M0264	rs482284	rare_shared
M0264	rs17016718	rare_shared
M0264	rs17016738	rare_shared
M0264	rs17016773	rare_shared
M0264	rs1050483	rare_shared
M0264	rs10401713	rare_shared
M0264	rs1010809	rare_shared
M0264	rs8028202	rare_shared
M0264	rs558113	rare_shared
M0264	rs6958382	rare_shared
M0264	rs7212099	rare_shared
M0264	rs3770241	rare_shared
M0264	rs7593154	rare_shared
M0264	rs6738398	rare_shared
M0264	rs3770273	rare_shared
M0264	rs8072785	rare_shared
M0264	rs1020301	rare_shared
M0264	rs7230159	rare_shared
M0264	rs11122109	rare_shared
M0264	rs1009381	rare_shared
M0264	rs9851375	rare_shared
M0264	rs238940	rare_shared
M0264	rs17116453	rare_shared
M0264	rs681200	rare_shared
M0264	rs17133444	rare_shared
M0264	rs17133451	rare_shared
M0264	rs16959820	rare_shared
M0320	rs2268389	unique
M0320	rs1016423	unique
M0320	rs12112504	unique
M0320	rs409419	unique
M0320	rs6972049	unique
M0320	rs2189885	unique
M0320	rs4936958	unique
M0320	rs17061643	unique
M0320	rs1550253	unique
M0320	rs16866828	unique
M0320	rs16866835	unique
M0320	rs10194749	unique
M0320	rs7605431	unique
M0320	rs13415968	unique
M0320	rs7585370	unique
M0320	rs1512290	unique
M0320	rs11899394	unique
M0320	rs6747706	unique
M0320	rs4415230	unique
M0320	rs7599740	unique
M0320	rs2073844	unique
M0320	rs17116456	unique
M0320	rs3742027	rare_shared
M0320	rs2314190	rare_shared
M0320	rs1880367	rare_shared
M0320	rs12199314	rare_shared
M0320	rs7123257	rare_shared
M0320	rs10741615	rare_shared
M0320	rs210059	rare_shared
M0320	rs9444729	rare_shared
M0320	rs1057510	rare_shared
M0320	rs11773426	rare_shared
M0320	rs407366	rare_shared
M0320	rs4727516	rare_shared
M0320	rs6465845	rare_shared
M0320	rs16869529	rare_shared
M0320	rs411030	rare_shared
M0320	rs392606	rare_shared
M0320	rs10982218	rare_shared
M0320	rs9295464	rare_shared
M0320	rs4233964	rare_shared
M0320	rs12199102	rare_shared
M0320	rs4846617	rare_shared
M0320	rs1416611	rare_shared
M0320	rs11572672	rare_shared
M0320	rs7521774	rare_shared
M0320	rs17043567	rare_shared
M0320	rs2789726	rare_shared
M0320	rs12760372	rare_shared
M0320	rs12753723	rare_shared
M0320	rs17044026	rare_shared
M0320	rs7532370	rare_shared
M0320	rs11572427	rare_shared
M0320	rs6684076	rare_shared
M0320	rs6678584	rare_shared
M0320	rs6680670	rare_shared
M0320	rs1467662	rare_shared
M0320	rs579355	rare_shared
M0320	rs12941832	rare_shared
M0320	rs35005436	rare_shared
M0320	rs465500	rare_shared
M0320	rs4444493	rare_shared
M0320	rs9530253	rare_shared
M0320	rs9838915	rare_shared
M0320	rs12466923	rare_shared
M0320	rs7761614	rare_shared
M0320	rs4131748	rare_shared
M0320	rs7675571	rare_shared
M0320	rs4622958	rare_shared
M0320	rs4692779	rare_shared
M0320	rs4692588	rare_shared
M0320	rs6122597	rare_shared
M0320	rs4806928	rare_shared
M0320	rs17024456	rare_shared
M0320	rs3846302	rare_shared
M0320	rs17484357	rare_shared
M0320	rs12995399	rare_shared
M0320	rs6436309	rare_shared
M0320	rs7600206	rare_shared
M0320	rs2856437	rare_shared
M0320	rs1534415	rare_shared
M0320	rs10951595	rare_shared
M0320	rs12701698	rare_shared
M0320	rs10227915	rare_shared
M0320	rs17619856	rare_shared
M0320	rs6720975	rare_shared
M0320	rs11125034	rare_shared
M0320	rs2345955	rare_shared
M0320	rs10167555	rare_shared
M0320	rs12712970	rare_shared
M0320	rs10865212	rare_shared
M0320	rs1375055	rare_shared
M0320	rs12616328	rare_shared
M0320	rs4952803	rare_shared
M0320	rs4953320	rare_shared
M0320	rs4952805	rare_shared
M0320	rs2034360	rare_shared
M0320	rs11125055	rare_shared
M0320	rs281477	rare_shared
M0320	rs9284856	rare_shared
M0320	rs12631063	rare_shared
M0320	rs11916491	rare_shared
M0320	rs1286738	rare_shared
M0320	rs11917304	rare_shared
M0320	rs9547679	rare_shared
M0320	rs7780518	rare_shared
M0320	rs3807583	rare_shared
M0320	rs16953584	rare_shared
M0320	rs17186485	rare_shared
M0320	rs7351039	rare_shared
M0320	rs1199881	rare_shared
M0320	rs7557300	rare_shared
M0320	rs7593154	rare_shared
M0320	rs3755076	rare_shared
M0320	rs6738398	rare_shared
M0320	rs13400867	rare_shared
M0320	rs3770273	rare_shared
M0320	rs4140775	rare_shared
M0320	rs7573215	rare_shared
M0320	rs4798094	rare_shared
M0320	rs4600802	rare_shared
M0320	rs9851375	rare_shared
M0320	rs1554131	rare_shared
M0320	rs2234500	rare_shared
M0320	rs1784684	rare_shared
M0320	rs3018331	rare_shared
M0320	rs1672692	rare_shared
M0320	rs1784692	rare_shared
M0320	rs2735201	rare_shared
M0320	rs681200	rare_shared
M0320	rs660800	rare_shared
M0320	rs620095	rare_shared
M0320	rs12273315	rare_shared
M0320	rs3781998	rare_shared
M0320	rs10985820	rare_shared
M0320	rs2520330	rare_shared
M0320	rs2238927	rare_shared
M0320	rs5949242	rare_shared
M0320	rs5949212	rare_shared
M0681	rs1868049	unique
M0681	rs775700	unique
M0681	rs11572638	unique
M0681	rs7960775	unique
M0681	rs2642420	unique
M0681	rs12500778	unique
M0681	rs1908290	unique
M0681	rs2047160	unique
M0681	rs10424563	unique
M0681	rs12552611	unique
M0681	rs3896679	unique
M0681	rs12913975	unique
M0681	rs2852792	unique
M0681	rs717676	unique
M0681	rs3798920	rare_shared
M0681	rs3778228	rare_shared
M0681	rs10832030	rare_shared
M0681	rs11022783	rare_shared
M0681	rs292251	rare_shared
M0681	rs4706353	rare_shared
M0681	rs9451298	rare_shared
M0681	rs12213272	rare_shared
M0681	rs12208074	rare_shared
M0681	rs10806414	rare_shared
M0681	rs12525504	rare_shared
M0681	rs6014959	rare_shared
M0681	rs13232623	rare_shared
M0681	rs11773426	rare_shared
M0681	rs13238593	rare_shared
M0681	rs12527393	rare_shared
M0681	rs926777	rare_shared
M0681	rs2982684	rare_shared
M0681	rs6932864	rare_shared
M0681	rs2273206	rare_shared
M0681	rs2273207	rare_shared
M0681	rs3778082	rare_shared
M0681	rs9341052	rare_shared
M0681	rs12058696	rare_shared
M0681	rs4846617	rare_shared
M0681	rs1416611	rare_shared
M0681	rs11572672	rare_shared
M0681	rs7521774	rare_shared
M0681	rs17043567	rare_shared
M0681	rs6658214	rare_shared
M0681	rs7355008	rare_shared
M0681	rs2789726	rare_shared
M0681	rs17044026	rare_shared
M0681	rs7527281	rare_shared
M0681	rs6678584	rare_shared
M0681	rs6680670	rare_shared
M0681	rs654723	rare_shared
M0681	rs8067254	rare_shared
M0681	rs6942022	rare_shared
M0681	rs9600179	rare_shared
M0681	rs8031093	rare_shared
M0681	rs982124	rare_shared
M0681	rs7762923	rare_shared
M0681	rs2179537	rare_shared
M0681	rs11756272	rare_shared
M0681	rs12523684	rare_shared
M0681	rs12055565	rare_shared
M0681	rs17057302	rare_shared
M0681	rs715605	rare_shared
M0681	rs17649913	rare_shared
M0681	rs12504215	rare_shared
M0681	rs12645283	rare_shared
M0681	rs3890761	rare_shared
M0681	rs12501935	rare_shared
M0681	rs10008162	rare_shared
M0681	rs11725690	rare_shared
M0681	rs10857365	rare_shared
M0681	rs12505619	rare_shared
M0681	rs17578295	rare_shared
M0681	rs4560357	rare_shared
M0681	rs6536780	rare_shared
M0681	rs13123163	rare_shared
M0681	rs7675571	rare_shared
M0681	rs4622958	rare_shared
M0681	rs11128143	rare_shared
M0681	rs6786207	rare_shared
M0681	rs17046446	rare_shared
M0681	rs3731628	rare_shared
M0681	rs16842754	rare_shared
M0681	rs2001350	rare_shared
M0681	rs1962142	rare_shared
M0681	rs10961436	rare_shared
M0681	rs877569	rare_shared
M0681	rs11670339	rare_shared
M0681	rs2302219	rare_shared
M0681	rs7309185	rare_shared
M0681	rs6683452	rare_shared
M0681	rs17024404	rare_shared
M0681	rs6851669	rare_shared
M0681	rs6826213	rare_shared
M0681	rs713619	rare_shared
M0681	rs12533673	rare_shared
M0681	rs666214	rare_shared
M0681	rs10201978	rare_shared
M0681	rs6544852	rare_shared
M0681	rs6743144	rare_shared
M0681	rs6715568	rare_shared
M0681	rs6755308	rare_shared
M0681	rs6751805	rare_shared
M0681	rs921183	rare_shared
M0681	rs13405039	rare_shared
M0681	rs11916491	rare_shared
M0681	rs4081949	rare_shared
M0681	rs1286738	rare_shared
M0681	rs11917304	rare_shared
M0681	rs4681028	rare_shared
M0681	rs6782425	rare_shared
M0681	rs2164360	rare_shared
M0681	rs7039190	rare_shared
M0681	rs11103633	rare_shared
M0681	rs10072008	rare_shared
M0681	rs13188069	rare_shared
M0681	rs16950113	rare_shared
M0681	rs1873191	rare_shared
M0681	rs7212099	rare_shared
M0681	rs4798094	rare_shared
M0681	rs16864811	rare_shared
M0681	rs12159290	rare_shared
M0681	rs2234500	rare_shared
M0681	rs1784684	rare_shared
M0681	rs3018331	rare_shared
M0681	rs1672692	rare_shared
M0681	rs2735201	rare_shared
M0681	rs238940	rare_shared
M0681	rs665731	rare_shared
M0681	rs10985820	rare_shared
M0681	rs5990039	rare_shared
M0681	rs10512647	rare_shared
M0745	rs16940029	unique
M0745	rs3794155	unique
M0745	rs9651260	unique
M0745	rs11572795	unique
M0745	rs12089054	unique
M0745	rs3795704	unique
M0745	rs1436879	unique
M0745	rs4846399	unique
M0745	rs4846809	unique
M0745	rs3764133	unique
M0745	rs9600189	unique
M0745	rs9600191	unique
M0745	rs9600201	unique
M0745	rs3967462	unique
M0745	rs17213362	unique
M0745	rs11762823	unique
M0745	rs4551241	unique
M0745	rs12533451	unique
M0745	rs2074937	unique
M0745	rs6942833	unique
M0745	rs852441	unique
M0745	rs6971289	unique
M0745	rs852397	unique
M0745	rs3801012	unique
M0745	rs4724718	unique
M0745	rs6463513	unique
M0745	rs7624774	unique
M0745	rs10849926	rare_shared
M0745	rs3742027	rare_shared
M0745	rs3757025	rare_shared
M0745	rs9458173	rare_shared
M0745	rs12662114	rare_shared
M0745	rs3798955	rare_shared
M0745	rs10832030	rare_shared
M0745	rs11022783	rare_shared
M0745	rs2289577	rare_shared
M0745	rs175722	rare_shared
M0745	rs6014959	rare_shared
M0745	rs13232623	rare_shared
M0745	rs13238593	rare_shared
M0745	rs407366	rare_shared
M0745	rs4727516	rare_shared
M0745	rs6465845	rare_shared
M0745	rs725340	rare_shared
M0745	rs2567599	rare_shared
M0745	rs3730393	rare_shared
M0745	rs11964281	rare_shared
M0745	rs11155813	rare_shared
M0745	rs7761133	rare_shared
M0745	rs9478265	rare_shared
M0745	rs7553212	rare_shared
M0745	rs17669622	rare_shared
M0745	rs2047429	rare_shared
M0745	rs2066108	rare_shared
M0745	rs2576203	rare_shared
M0745	rs1898312	rare_shared
M0745	rs7417600	rare_shared
M0745	rs2576213	rare_shared
M0745	rs11117762	rare_shared
M0745	rs11808388	rare_shared
M0745	rs12638263	rare_shared
M0745	rs10937240	rare_shared
M0745	rs6444106	rare_shared
M0745	rs12983510	rare_shared
M0745	rs644571	rare_shared
M0745	rs686605	rare_shared
M0745	rs635696	rare_shared
M0745	rs595585	rare_shared
M0745	rs668575	rare_shared
M0745	rs626816	rare_shared
M0745	rs3889058	rare_shared
M0745	rs1566584	rare_shared
M0745	rs3795596	rare_shared
M0745	rs2718270	rare_shared
M0745	rs2718278	rare_shared
M0745	rs17886698	rare_shared
M0745	rs9543453	rare_shared
M0745	rs9530237	rare_shared
M0745	rs2875666	rare_shared
M0745	rs9600179	rare_shared
M0745	rs9318227	rare_shared
M0745	rs13378861	rare_shared
M0745	rs12428414	rare_shared
M0745	rs2244399	rare_shared
M0745	rs4444637	rare_shared
M0745	rs2807837	rare_shared
M0745	rs2807840	rare_shared
M0745	rs11100509	rare_shared
M0745	rs10029699	rare_shared
M0745	rs6821802	rare_shared
M0745	rs10008162	rare_shared
M0745	rs8181931	rare_shared
M0745	rs7152879	rare_shared
M0745	rs17055385	rare_shared
M0745	rs4792717	rare_shared
M0745	rs2285583	rare_shared
M0745	rs3785628	rare_shared
M0745	rs4566208	rare_shared
M0745	rs7874591	rare_shared
M0745	rs17213755	rare_shared
M0745	rs877569	rare_shared
M0745	rs4741365	rare_shared
M0745	rs509609	rare_shared
M0745	rs33388	rare_shared
M0745	rs33383	rare_shared
M0745	rs6877893	rare_shared
M0745	rs6190	rare_shared
M0745	rs13142954	rare_shared
M0745	rs6857011	rare_shared
M0745	rs4835490	rare_shared
M0745	rs6851669	rare_shared
M0745	rs6826213	rare_shared
M0745	rs10258862	rare_shared
M0745	rs11761423	rare_shared
M0745	rs1404999	rare_shared
M0745	rs17171546	rare_shared
M0745	rs4574755	rare_shared
M0745	rs4404830	rare_shared
M0745	rs4524676	rare_shared
M0745	rs12701716	rare_shared
M0745	rs12701735	rare_shared
M0745	rs17712867	rare_shared
M0745	rs6544852	rare_shared
M0745	rs6743144	rare_shared
M0745	rs1947195	rare_shared
M0745	rs10189339	rare_shared
M0745	rs9284856	rare_shared
M0745	rs12631063	rare_shared
M0745	rs1286661	rare_shared
M0745	rs1153596	rare_shared
M0745	rs1435705	rare_shared
M0745	rs17525900	rare_shared
M0745	rs1465058	rare_shared
M0745	rs13345720	rare_shared
M0745	rs7247284	rare_shared
M0745	rs7039190	rare_shared
M0745	rs11103633	rare_shared
M0745	rs10057542	rare_shared
M0745	rs4704633	rare_shared
M0745	rs3763022	rare_shared
M0745	rs6875902	rare_shared
M0745	rs36067	rare_shared
M0745	rs36044	rare_shared
M0745	rs8098413	rare_shared
M0745	rs8085335	rare_shared
M0745	rs8028202	rare_shared
M0745	rs6719211	rare_shared
M0745	rs3770241	rare_shared
M0745	rs17033715	rare_shared
M0745	rs6544836	rare_shared
M0745	rs11884064	rare_shared
M0745	rs17138238	rare_shared
M0745	rs6972100	rare_shared
M0745	rs6016004	rare_shared
M0745	rs11122109	rare_shared
M0745	rs3752630	rare_shared
M0745	rs4600802	rare_shared
M0745	rs7618742	rare_shared
M0745	rs17445954	rare_shared
M0745	rs1554131	rare_shared
M0745	rs139999	rare_shared
M0745	rs10128580	rare_shared
M0745	rs16959820	rare_shared
M0745	rs8013446	rare_shared
M0745	rs8070859	rare_shared
M0663	rs3801091	unique
M0663	rs2289681	unique
M0663	rs2289912	unique
M0663	rs7223686	unique
M0663	rs6502557	unique
M0663	rs17127170	unique
M0663	rs16961564	unique
M0663	rs2229774	unique
M0663	rs1465057	unique
M0663	rs941138	unique
M0663	rs11170486	unique
M0663	rs10082919	unique
M0663	rs6537998	unique
M0663	rs7869783	unique
M0663	rs731516	unique
M0663	rs6711060	unique
M0663	rs11066119	unique
M0663	rs7307862	unique
M0663	rs12302686	rare_shared
M0663	rs10849968	rare_shared
M0663	rs7208859	rare_shared
M0663	rs6505219	rare_shared
M0663	rs6505222	rare_shared
M0663	rs1134142	rare_shared
M0663	rs9444729	rare_shared
M0663	rs172983	rare_shared
M0663	rs1736204	rare_shared
M0663	rs1630656	rare_shared
M0663	rs12453455	rare_shared
M0663	rs10488043	rare_shared
M0663	rs1535960	rare_shared
M0663	rs12551529	rare_shared
M0663	rs9295464	rare_shared
M0663	rs4134967	rare_shared
M0663	rs17358295	rare_shared
M0663	rs3020410	rare_shared
M0663	rs11577585	rare_shared
M0663	rs2047429	rare_shared
M0663	rs954276	rare_shared
M0663	rs6671659	rare_shared
M0663	rs2185237	rare_shared
M0663	rs6658214	rare_shared
M0663	rs7355008	rare_shared
M0663	rs7532370	rare_shared
M0663	rs7548082	rare_shared
M0663	rs11572495	rare_shared
M0663	rs10492958	rare_shared
M0663	rs7527281	rare_shared
M0663	rs12699566	rare_shared
M0663	rs1467662	rare_shared
M0663	rs12638263	rare_shared
M0663	rs10937240	rare_shared
M0663	rs6444106	rare_shared
M0663	rs3803761	rare_shared
M0663	rs1736211	rare_shared
M0663	rs2268597	rare_shared
M0663	rs2268598	rare_shared
M0663	rs2268604	rare_shared
M0663	rs7936133	rare_shared
M0663	rs7951996	rare_shared
M0663	rs694930	rare_shared
M0663	rs585320	rare_shared
M0663	rs343360	rare_shared
M0663	rs343376	rare_shared
M0663	rs608277	rare_shared
M0663	rs510157	rare_shared
M0663	rs10789416	rare_shared
M0663	rs10736423	rare_shared
M0663	rs3813498	rare_shared
M0663	rs9285397	rare_shared
M0663	rs3795596	rare_shared
M0663	rs11826299	rare_shared
M0663	rs2875666	rare_shared
M0663	rs9600179	rare_shared
M0663	rs4450274	rare_shared
M0663	rs7333855	rare_shared
M0663	rs7332649	rare_shared
M0663	rs17218496	rare_shared
M0663	rs9318240	rare_shared
M0663	rs1408676	rare_shared
M0663	rs4885145	rare_shared
M0663	rs17062027	rare_shared
M0663	rs2147627	rare_shared
M0663	rs7322834	rare_shared
M0663	rs7334403	rare_shared
M0663	rs2244399	rare_shared
M0663	rs4131748	rare_shared
M0663	rs17649913	rare_shared
M0663	rs12504215	rare_shared
M0663	rs12645283	rare_shared
M0663	rs891577	rare_shared
M0663	rs1430987	rare_shared
M0663	rs971945	rare_shared
M0663	rs2321210	rare_shared
M0663	rs4985696	rare_shared
M0663	rs3744139	rare_shared
M0663	rs10509910	rare_shared
M0663	rs11154794	rare_shared
M0663	rs6094723	rare_shared
M0663	rs6066408	rare_shared
M0663	rs2230782	rare_shared
M0663	rs11574849	rare_shared
M0663	rs6190	rare_shared
M0663	rs3846302	rare_shared
M0663	rs3857080	rare_shared
M0663	rs3846313	rare_shared
M0663	rs17484357	rare_shared
M0663	rs10434128	rare_shared
M0663	rs17484678	rare_shared
M0663	rs2063555	rare_shared
M0663	rs2137330	rare_shared
M0663	rs10434100	rare_shared
M0663	rs10519963	rare_shared
M0663	rs17581884	rare_shared
M0663	rs6834935	rare_shared
M0663	rs2048546	rare_shared
M0663	rs9912109	rare_shared
M0663	rs707542	rare_shared
M0663	rs4985749	rare_shared
M0663	rs9894565	rare_shared
M0663	rs1555208	rare_shared
M0663	rs4253721	rare_shared
M0663	rs585156	rare_shared
M0663	rs6544852	rare_shared
M0663	rs6778350	rare_shared
M0663	rs1465058	rare_shared
M0663	rs6580936	rare_shared
M0663	rs10082776	rare_shared
M0663	rs17173608	rare_shared
M0663	rs1050483	rare_shared
M0663	rs13345720	rare_shared
M0663	rs7247284	rare_shared
M0663	rs2214565	rare_shared
M0663	rs10057542	rare_shared
M0663	rs16950113	rare_shared
M0663	rs1873191	rare_shared
M0663	rs12453256	rare_shared
M0663	rs17138238	rare_shared
M0663	rs6972100	rare_shared
M0663	rs1020301	rare_shared
M0663	rs7230159	rare_shared
M0663	rs6016004	rare_shared
M0663	rs3752630	rare_shared
M0663	rs4600802	rare_shared
M0663	rs2520330	rare_shared
M0663	rs2238927	rare_shared
M0663	rs5949242	rare_shared
M0663	rs5949212	rare_shared
M0663	rs16959888	rare_shared
M0761	rs2298135	unique
M0761	rs6070015	unique
M0761	rs2906721	unique
M0761	rs2970463	unique
M0761	rs728524	unique
M0761	rs9371236	unique
M0761	rs9340941	unique
M0761	rs1566224	unique
M0761	rs2813694	unique
M0761	rs7800918	unique
M0761	rs11554620	unique
M0761	rs2301865	unique
M0761	rs2240256	unique
M0761	rs16939769	unique
M0761	rs9573305	unique
M0761	rs1877314	unique
M0761	rs1511779	unique
M0761	rs907435	unique
M0761	rs6553483	unique
M0761	rs4320103	unique
M0761	rs1061258	unique
M0761	rs13360865	unique
M0761	rs6825048	unique
M0761	rs662702	unique
M0761	rs6946515	unique
M0761	rs4253698	unique
M0761	rs6707046	unique
M0761	rs9904270	unique
M0761	rs7634326	unique
M0761	rs1713985	unique
M0761	rs1375910	unique
M0761	rs13359285	unique
M0761	rs17722293	unique
M0761	rs1792689	unique
M0761	rs3810449	unique
M0761	rs10849968	rare_shared
M0761	rs9359876	rare_shared
M0761	rs292251	rare_shared
M0761	rs4706353	rare_shared
M0761	rs370409	rare_shared
M0761	rs206916	rare_shared
M0761	rs162312	rare_shared
M0761	rs6127985	rare_shared
M0761	rs13267037	rare_shared
M0761	rs2511439	rare_shared
M0761	rs10270083	rare_shared
M0761	rs407366	rare_shared
M0761	rs2567599	rare_shared
M0761	rs17081685	rare_shared
M0761	rs7761846	rare_shared
M0761	rs9478265	rare_shared
M0761	rs9341052	rare_shared
M0761	rs4846617	rare_shared
M0761	rs1416611	rare_shared
M0761	rs11572672	rare_shared
M0761	rs7521774	rare_shared
M0761	rs17043567	rare_shared
M0761	rs2789726	rare_shared
M0761	rs17044026	rare_shared
M0761	rs11572427	rare_shared
M0761	rs6684076	rare_shared
M0761	rs7527281	rare_shared
M0761	rs12033461	rare_shared
M0761	rs11808388	rare_shared
M0761	rs12040162	rare_shared
M0761	rs6427351	rare_shared
M0761	rs2240252	rare_shared
M0761	rs675308	rare_shared
M0761	rs2246290	rare_shared
M0761	rs2268597	rare_shared
M0761	rs2268598	rare_shared
M0761	rs2268604	rare_shared
M0761	rs7936133	rare_shared
M0761	rs7951996	rare_shared
M0761	rs694930	rare_shared
M0761	rs585320	rare_shared
M0761	rs343360	rare_shared
M0761	rs343376	rare_shared
M0761	rs608277	rare_shared
M0761	rs510157	rare_shared
M0761	rs10789416	rare_shared
M0761	rs10736423	rare_shared
M0761	rs17886698	rare_shared
M0761	rs10492700	rare_shared
M0761	rs879800	rare_shared
M0761	rs9565053	rare_shared
M0761	rs1886514	rare_shared
M0761	rs1886516	rare_shared
M0761	rs3782933	rare_shared
M0761	rs9573096	rare_shared
M0761	rs929271	rare_shared
M0761	rs2807840	rare_shared
M0761	rs11100509	rare_shared
M0761	rs950565	rare_shared
M0761	rs9308066	rare_shared
M0761	rs7687757	rare_shared
M0761	rs6536779	rare_shared
M0761	rs7675571	rare_shared
M0761	rs4622958	rare_shared
M0761	rs10509910	rare_shared
M0761	rs11894248	rare_shared
M0761	rs11693687	rare_shared
M0761	rs12090377	rare_shared
M0761	rs10961439	rare_shared
M0761	rs10810120	rare_shared
M0761	rs7030457	rare_shared
M0761	rs7309185	rare_shared
M0761	rs33388	rare_shared
M0761	rs33383	rare_shared
M0761	rs6877893	rare_shared
M0761	rs10434128	rare_shared
M0761	rs2063555	rare_shared
M0761	rs2137330	rare_shared
M0761	rs10434100	rare_shared
M0761	rs10519963	rare_shared
M0761	rs6834935	rare_shared
M0761	rs2048546	rare_shared
M0761	rs16989519	rare_shared
M0761	rs12995399	rare_shared
M0761	rs7600206	rare_shared
M0761	rs12216590	rare_shared
M0761	rs12701735	rare_shared
M0761	rs4253701	rare_shared
M0761	rs7606454	rare_shared
M0761	rs7577664	rare_shared
M0761	rs4296473	rare_shared
M0761	rs4952803	rare_shared
M0761	rs4953320	rare_shared
M0761	rs4952805	rare_shared
M0761	rs482284	rare_shared
M0761	rs6580936	rare_shared
M0761	rs35079168	rare_shared
M0761	rs11103473	rare_shared
M0761	rs30453	rare_shared
M0761	rs685125	rare_shared
M0761	rs36264	rare_shared
M0761	rs36270	rare_shared
M0761	rs4704633	rare_shared
M0761	rs10058567	rare_shared
M0761	rs3763022	rare_shared
M0761	rs36044	rare_shared
M0761	rs1873191	rare_shared
M0761	rs558113	rare_shared
M0761	rs7207225	rare_shared
M0761	rs1047640	rare_shared
M0761	rs6958382	rare_shared
M0761	rs10229962	rare_shared
M0761	rs1554630	rare_shared
M0761	rs9824061	rare_shared
M0761	rs12630584	rare_shared
M0761	rs7650285	rare_shared
M0761	rs1784692	rare_shared
M0761	rs2735201	rare_shared
M0761	rs665731	rare_shared
M0761	rs545638	rare_shared
M0761	rs7779972	rare_shared
M0761	rs9690859	rare_shared
M0761	rs12535022	rare_shared
M0761	rs6467822	rare_shared
M0109	rs17513276	unique
M0109	rs2501726	unique
M0109	rs4728427	unique
M0109	rs4732277	unique
M0109	rs670991	unique
M0109	rs17044007	unique
M0109	rs2320172	unique
M0109	rs4807453	unique
M0109	rs10482704	unique
M0109	rs1549773	unique
M0109	rs17403188	unique
M0109	rs957950	unique
M0109	rs948588	unique
M0109	rs17144483	unique
M0109	rs17144497	unique
M0109	rs2193836	unique
M0109	rs2300461	rare_shared
M0109	rs2268405	rare_shared
M0109	rs7208859	rare_shared
M0109	rs6505219	rare_shared
M0109	rs6505222	rare_shared
M0109	rs1134142	rare_shared
M0109	rs2289577	rare_shared
M0109	rs2501718	rare_shared
M0109	rs17686899	rare_shared
M0109	rs8080379	rare_shared
M0109	rs9295468	rare_shared
M0109	rs6938550	rare_shared
M0109	rs968251	rare_shared
M0109	rs17081685	rare_shared
M0109	rs7761846	rare_shared
M0109	rs3020410	rare_shared
M0109	rs9397463	rare_shared
M0109	rs926777	rare_shared
M0109	rs9340944	rare_shared
M0109	rs3020368	rare_shared
M0109	rs17044239	rare_shared
M0109	rs12033461	rare_shared
M0109	rs12040162	rare_shared
M0109	rs1467662	rare_shared
M0109	rs7001675	rare_shared
M0109	rs10903338	rare_shared
M0109	rs654723	rare_shared
M0109	rs644571	rare_shared
M0109	rs686605	rare_shared
M0109	rs635696	rare_shared
M0109	rs3016776	rare_shared
M0109	rs668575	rare_shared
M0109	rs640060	rare_shared
M0109	rs3889058	rare_shared
M0109	rs694930	rare_shared
M0109	rs585320	rare_shared
M0109	rs343360	rare_shared
M0109	rs343376	rare_shared
M0109	rs608277	rare_shared
M0109	rs510157	rare_shared
M0109	rs10789416	rare_shared
M0109	rs10736423	rare_shared
M0109	rs6545031	rare_shared
M0109	rs1536057	rare_shared
M0109	rs3813498	rare_shared
M0109	rs9285397	rare_shared
M0109	rs3795596	rare_shared
M0109	rs10492700	rare_shared
M0109	rs2287505	rare_shared
M0109	rs2287504	rare_shared
M0109	rs10800877	rare_shared
M0109	rs10800880	rare_shared
M0109	rs4560357	rare_shared
M0109	rs6536780	rare_shared
M0109	rs13123163	rare_shared
M0109	rs11894248	rare_shared
M0109	rs11693687	rare_shared
M0109	rs4792717	rare_shared
M0109	rs2285583	rare_shared
M0109	rs3785628	rare_shared
M0109	rs4566208	rare_shared
M0109	rs2001350	rare_shared
M0109	rs1962142	rare_shared
M0109	rs10961439	rare_shared
M0109	rs10810120	rare_shared
M0109	rs6474827	rare_shared
M0109	rs2302219	rare_shared
M0109	rs11191279	rare_shared
M0109	rs6190	rare_shared
M0109	rs6857011	rare_shared
M0109	rs17024404	rare_shared
M0109	rs4835490	rare_shared
M0109	rs3846313	rare_shared
M0109	rs17484357	rare_shared
M0109	rs13410020	rare_shared
M0109	rs707542	rare_shared
M0109	rs17779879	rare_shared
M0109	rs6462901	rare_shared
M0109	rs12701716	rare_shared
M0109	rs17619856	rare_shared
M0109	rs1555208	rare_shared
M0109	rs12330015	rare_shared
M0109	rs645565	rare_shared
M0109	rs6746467	rare_shared
M0109	rs10191412	rare_shared
M0109	rs11125034	rare_shared
M0109	rs2595192	rare_shared
M0109	rs921183	rare_shared
M0109	rs13405039	rare_shared
M0109	rs2345955	rare_shared
M0109	rs10167555	rare_shared
M0109	rs11916491	rare_shared
M0109	rs13345720	rare_shared
M0109	rs7247284	rare_shared
M0109	rs35079168	rare_shared
M0109	rs11103473	rare_shared
M0109	rs12451254	rare_shared
M0109	rs10072008	rare_shared
M0109	rs17109268	rare_shared
M0109	rs1316447	rare_shared
M0109	rs7795411	rare_shared
M0109	rs17144460	rare_shared
M0109	rs6719211	rare_shared
M0109	rs7557300	rare_shared
M0109	rs3755076	rare_shared
M0109	rs13400867	rare_shared
M0109	rs17033715	rare_shared
M0109	rs4140775	rare_shared
M0109	rs17138238	rare_shared
M0109	rs6972100	rare_shared
M0109	rs6016004	rare_shared
M0109	rs7618742	rare_shared
M0109	rs17445954	rare_shared
M0109	rs13326685	rare_shared
M0109	rs1554131	rare_shared
M0109	rs139999	rare_shared
M0109	rs10128580	rare_shared
M0109	rs895331	rare_shared
M0109	rs5990039	rare_shared
M0109	rs8070859	rare_shared
M0317	rs3798936	unique
M0317	rs162311	unique
M0317	rs17810766	unique
M0317	rs286913	unique
M0317	rs2302901	unique
M0317	rs3798758	unique
M0317	rs946465	unique
M0317	rs1416612	unique
M0317	rs4426040	unique
M0317	rs2211118	unique
M0317	rs10495034	unique
M0317	rs17629008	unique
M0317	rs1361332	unique
M0317	rs9970445	unique
M0317	rs7522593	unique
M0317	rs10218498	unique
M0317	rs2813676	unique
M0317	rs9660947	unique
M0317	rs6676433	unique
M0317	rs12060034	unique
M0317	rs17006519	unique
M0317	rs2300461	rare_shared
M0317	rs2268405	rare_shared
M0317	rs3757025	rare_shared
M0317	rs172983	rare_shared
M0317	rs162312	rare_shared
M0317	rs6127985	rare_shared
M0317	rs2511439	rare_shared
M0317	rs1677499	rare_shared
M0317	rs1535960	rare_shared
M0317	rs12551529	rare_shared
M0317	rs12527393	rare_shared
M0317	rs4134967	rare_shared
M0317	rs722527	rare_shared
M0317	rs10735341	rare_shared
M0317	rs12199102	rare_shared
M0317	rs17044062	rare_shared
M0317	rs6677596	rare_shared
M0317	rs11117762	rare_shared
M0317	rs10495041	rare_shared
M0317	rs626816	rare_shared
M0317	rs640060	rare_shared
M0317	rs1141390	rare_shared
M0317	rs12941832	rare_shared
M0317	rs2718270	rare_shared
M0317	rs2718278	rare_shared
M0317	rs465500	rare_shared
M0317	rs6942022	rare_shared
M0317	rs4444493	rare_shared
M0317	rs9543453	rare_shared
M0317	rs9530237	rare_shared
M0317	rs4450274	rare_shared
M0317	rs7333855	rare_shared
M0317	rs7332649	rare_shared
M0317	rs1886514	rare_shared
M0317	rs1886516	rare_shared
M0317	rs4885065	rare_shared
M0317	rs1269416	rare_shared
M0317	rs2244923	rare_shared
M0317	rs12065908	rare_shared
M0317	rs4444637	rare_shared
M0317	rs2807837	rare_shared
M0317	rs12504215	rare_shared
M0317	rs12645283	rare_shared
M0317	rs17578337	rare_shared
M0317	rs6829484	rare_shared
M0317	rs17044895	rare_shared
M0317	rs17046446	rare_shared
M0317	rs3731628	rare_shared
M0317	rs6122597	rare_shared
M0317	rs12090377	rare_shared
M0317	rs2382437	rare_shared
M0317	rs7031735	rare_shared
M0317	rs723968	rare_shared
M0317	rs7044402	rare_shared
M0317	rs16931436	rare_shared
M0317	rs10961439	rare_shared
M0317	rs7030457	rare_shared
M0317	rs7027899	rare_shared
M0317	rs1033837	rare_shared
M0317	rs10810130	rare_shared
M0317	rs11574849	rare_shared
M0317	rs11191279	rare_shared
M0317	rs12064822	rare_shared
M0317	rs12062953	rare_shared
M0317	rs7516611	rare_shared
M0317	rs33388	rare_shared
M0317	rs33383	rare_shared
M0317	rs6877893	rare_shared
M0317	rs3857080	rare_shared
M0317	rs17024631	rare_shared
M0317	rs11725509	rare_shared
M0317	rs13410020	rare_shared
M0317	rs6436309	rare_shared
M0317	rs10258862	rare_shared
M0317	rs1404999	rare_shared
M0317	rs10951595	rare_shared
M0317	rs12701698	rare_shared
M0317	rs4472423	rare_shared
M0317	rs12534084	rare_shared
M0317	rs12531437	rare_shared
M0317	rs11505525	rare_shared
M0317	rs10227915	rare_shared
M0317	rs585156	rare_shared
M0317	rs7606454	rare_shared
M0317	rs10201978	rare_shared
M0317	rs2595192	rare_shared
M0317	rs10865212	rare_shared
M0317	rs6724315	rare_shared
M0317	rs7604415	rare_shared
M0317	rs2034360	rare_shared
M0317	rs11125055	rare_shared
M0317	rs281477	rare_shared
M0317	rs7601785	rare_shared
M0317	rs6778350	rare_shared
M0317	rs17016718	rare_shared
M0317	rs17016738	rare_shared
M0317	rs17016773	rare_shared
M0317	rs1050483	rare_shared
M0317	rs10401713	rare_shared
M0317	rs10072008	rare_shared
M0317	rs6890275	rare_shared
M0317	rs13188069	rare_shared
M0317	rs1010809	rare_shared
M0317	rs8098413	rare_shared
M0317	rs8085335	rare_shared
M0317	rs1316447	rare_shared
M0317	rs16949270	rare_shared
M0317	rs6958382	rare_shared
M0317	rs7212099	rare_shared
M0317	rs6719211	rare_shared
M0317	rs3770241	rare_shared
M0317	rs11884064	rare_shared
M0317	rs8072785	rare_shared
M0317	rs1009381	rare_shared
M0317	rs13326685	rare_shared
M0317	rs1044414	rare_shared
M0317	rs2291037	rare_shared
M0317	rs17133444	rare_shared
M0317	rs17133451	rare_shared
M0317	rs2520330	rare_shared
M0317	rs2238927	rare_shared
M0317	rs5949242	rare_shared
M0317	rs5949212	rare_shared
M0466	rs16912751	unique
M0466	rs1736200	unique
M0466	rs3182911	unique
M0466	rs1871214	unique
M0466	rs7650313	unique
M0466	rs2789718	unique
M0466	rs1736219	unique
M0466	rs4985721	unique
M0466	rs3744137	unique
M0466	rs10429540	unique
M0466	rs2382468	unique
M0466	rs9905836	unique
M0466	rs917400	unique
M0466	rs4253662	unique
M0466	rs7579246	unique
M0466	rs3924523	unique
M0466	rs1286729	unique
M0466	rs17526942	unique
M0466	rs17695156	unique
M0466	rs2300461	rare_shared
M0466	rs2268405	rare_shared
M0466	rs10849926	rare_shared
M0466	rs7208859	rare_shared
M0466	rs6505219	rare_shared
M0466	rs9359876	rare_shared
M0466	rs9451298	rare_shared
M0466	rs12205059	rare_shared
M0466	rs2080254	rare_shared
M0466	rs7147148	rare_shared
M0466	rs6014959	rare_shared
M0466	rs1736204	rare_shared
M0466	rs1630656	rare_shared
M0466	rs12453455	rare_shared
M0466	rs9295464	rare_shared
M0466	rs4134967	rare_shared
M0466	rs3730393	rare_shared
M0466	rs3020410	rare_shared
M0466	rs985191	rare_shared
M0466	rs7553212	rare_shared
M0466	rs6701062	rare_shared
M0466	rs17669622	rare_shared
M0466	rs10779279	rare_shared
M0466	rs2185237	rare_shared
M0466	rs17044062	rare_shared
M0466	rs1561182	rare_shared
M0466	rs11572547	rare_shared
M0466	rs17044239	rare_shared
M0466	rs4234588	rare_shared
M0466	rs3803761	rare_shared
M0466	rs1736211	rare_shared
M0466	rs8067254	rare_shared
M0466	rs11826299	rare_shared
M0466	rs9318227	rare_shared
M0466	rs4885065	rare_shared
M0466	rs10008162	rare_shared
M0466	rs4691940	rare_shared
M0466	rs11725690	rare_shared
M0466	rs10857365	rare_shared
M0466	rs4270550	rare_shared
M0466	rs6829484	rare_shared
M0466	rs17044895	rare_shared
M0466	rs8181931	rare_shared
M0466	rs7152879	rare_shared
M0466	rs11128143	rare_shared
M0466	rs6786207	rare_shared
M0466	rs4985696	rare_shared
M0466	rs3744139	rare_shared
M0466	rs1133195	rare_shared
M0466	rs11894248	rare_shared
M0466	rs11693687	rare_shared
M0466	rs2001350	rare_shared
M0466	rs1962142	rare_shared
M0466	rs7030457	rare_shared
M0466	rs7021322	rare_shared
M0466	rs10810130	rare_shared
M0466	rs2273933	rare_shared
M0466	rs4741365	rare_shared
M0466	rs11574849	rare_shared
M0466	rs10482672	rare_shared
M0466	rs17100236	rare_shared
M0466	rs10482616	rare_shared
M0466	rs6857011	rare_shared
M0466	rs4835490	rare_shared
M0466	rs10012553	rare_shared
M0466	rs10434128	rare_shared
M0466	rs11725509	rare_shared
M0466	rs9912109	rare_shared
M0466	rs1430657	rare_shared
M0466	rs13405641	rare_shared
M0466	rs4985749	rare_shared
M0466	rs9894565	rare_shared
M0466	rs3785646	rare_shared
M0466	rs10258862	rare_shared
M0466	rs12535553	rare_shared
M0466	rs1404999	rare_shared
M0466	rs17171532	rare_shared
M0466	rs12216590	rare_shared
M0466	rs4574755	rare_shared
M0466	rs4404830	rare_shared
M0466	rs12701716	rare_shared
M0466	rs666214	rare_shared
M0466	rs585156	rare_shared
M0466	rs556650	rare_shared
M0466	rs7606454	rare_shared
M0466	rs6720975	rare_shared
M0466	rs4953276	rare_shared
M0466	rs4953277	rare_shared
M0466	rs10189339	rare_shared
M0466	rs6755308	rare_shared
M0466	rs10167883	rare_shared
M0466	rs13024806	rare_shared
M0466	rs6751805	rare_shared
M0466	rs14138	rare_shared
M0466	rs6778350	rare_shared
M0466	rs1286664	rare_shared
M0466	rs1153596	rare_shared
M0466	rs7616062	rare_shared
M0466	rs1286771	rare_shared
M0466	rs4681028	rare_shared
M0466	rs2214565	rare_shared
M0466	rs12451254	rare_shared
M0466	rs16950113	rare_shared
M0466	rs4939834	rare_shared
M0466	rs7207225	rare_shared
M0466	rs7557300	rare_shared
M0466	rs3755076	rare_shared
M0466	rs13400867	rare_shared
M0466	rs4140775	rare_shared
M0466	rs7573215	rare_shared
M0466	rs10229962	rare_shared
M0466	rs1554630	rare_shared
M0466	rs8082964	rare_shared
M0466	rs4798094	rare_shared
M0466	rs1009381	rare_shared
M0466	rs12159290	rare_shared
M0466	rs1784684	rare_shared
M0466	rs3018331	rare_shared
M0466	rs1672692	rare_shared
M0466	rs17116453	rare_shared
M0466	rs545638	rare_shared
M0466	rs895331	rare_shared
M0466	rs10512647	rare_shared